seg_id	source_masked	target_masked	translated_masked
578592bc-7cae-4f07-8370-aa63a97479b9	Джуури и татский язык: о взаимном статусе и структурных различиях		
4ec10bfa-273d-4fba-9431-817bda3b1092	Ксения Викторова		
0e4f76e5-14a9-4e23-ba56-6cf0f9253f61	Введение		
1d6c97ae-f7f4-4593-93a5-3e94dd2520a2	Джуури – язык горских евреев, один из целого ряда еврейско-иранских языков.		
bdec85b6-cb25-4505-bdf0-543e00bce377	Он относится к югозападной подгруппе иранской ветви индоевропейской языковой семьи наряду с еврейско-персидским (языком классической иудео-персидской литературы), еврейско-таджикским (бухори) и еврейско-ширазским языками.		
5507c555-36aa-4379-8ca8-c9d08572df8a	Еврейско-иранские языки никогда не были официальными языками каких-либо административных образований или политических единиц.		
437979d6-80b4-4973-8282-6f5bb612fca9	Они не использовались в образовании, так как их носители получали традиционное еврейское образование, нацеленное на овладение древнееврейским языком.		
bf87c9af-ef44-47b6-ae25-2032c5175265	Ни эти люди, ни их соседи – носители доминирующих языков не считали разговорные еврейско-иранские языки достойными лингвистического изучения и описания, и вопросы их диалектных сходств и различий даже не ставились.		
756594d8-52f0-4a14-a41a-97a869f75352	Их изучение началось ближе к моменту их исчезновения.		
09ac3909-398b-4e6d-a41d-8057ab4e486a	К сожалению, со многими языками мира случается именно это.		
6d5e4269-1cb1-4301-8a08-2d9115a3aa67	Среди всех еврейско-иранских языков судьбу языка джуури можно назвать счастливой.		
568821ff-2774-4ba5-b11f-8c3917dd3d80	С установлением советской власти для джуури на Кавказе, как и для еврейско-бухарского языка в Узбекистане начинается новая эпоха: советское государство первым в мире «увидело» миноритарные языки на своей территории, поскольку в первые годы после революции 1917 г. большевики опирались на языки «простого народа» в построении новой культуры и подготовке новых элит, лояльных советской власти.		
fd403867-2e2f-4353-8417-74c9ab0e1d84	В 1930-х гг. национальная политика в СССР, как известно, резко переменилась, но и горские, и бухарские евреи успели сделать очень много для развития своих литературных языков (Borjan 2015:		
b1edefbb-dfbc-4245-9e44-89d1921ae502	262ff).		
d94366d0-2592-4299-b8df-aec3d839e2fa	После распада СССР горские евреи основали несколько активно работающих культурных центров, самый крупный из которых – благотворительный фонд СТМЭГИ, уделяющий очень много внимания и средств поддержке, развитию, сохранению и изучению джуури.		
2087b862-330a-41f9-b77f-b5f6e634dfd2	Татский язык принадлежит к той же языковой группе, это язык, близкородственный джуури, но никакого отношения к еврейским языкам татский не имеет.		
f361e0f2-b812-4a58-81d8-6e4d913bb1b9	Большинство его носителей мусульмане.		
dd2c6ba1-3405-4141-9d0b-e61c2a370898	Существует группа татов-христиан, некоторые особенности их языка упоминаются в тех описаниях, на которых основана эта статья, но подробно он не описан, поэтому здесь не рассматривается.		
3950ae51-9da1-45ec-90fc-7d6901decc3d	Я буду сопоставлять только язык татов-мусульман и джуури горских евреев.		
6ac9cff0-3474-48c2-8b97-9119846752ae	В советское время языки горских евреев, татов-мусульман и татов-христиан с точки зрения государства объединялись в один язык – татский, а сами они легким логическим скачком превращались в один народ – таты.		
0e1084fb-4268-4a9e-a7ef-3dbab86a1ddd	Против «татизации» среди горских евреев раздавалось немало возмущенных голосов.		
12b6a6d8-c80f-40f1-9b28-b23a6b8b1f9a	На основе полевых исследований 2024 – 2025 гг. у меня сложилось впечатление, что сейчас «татизация» уже не является для сообщества настолько болезненной темой, насколько она была в позднесоветский и постсоветский период.		
ea32e7e1-9a52-4fff-851d-23349df1f14c	Можно сказать, что сбылось предсказание Михаила Членова, сделанное в 2000 г.:		
21360b74-a62a-47af-8390-fe3bc64de67b	«“Татская” теория продолжает как-то существовать только в Дагестане, где таты официально признаны одним из народов республики...		
ad7f99a8-ff5c-4bd2-a302-780e179285c6	Однако политическая напряженность и экономический кризис в этой части России приводит к оттоку оттуда горских евреев.		
6f630a0f-f5d2-4045-a07b-3958abbf9ba3	Вместе с ними слабеет и татская теория, конец которой, видимо, уже близок» (Членов 2000:		
297f1fc6-713e-4761-b3cd-5964308c7cc5	194, курсив мой – К.В.).		
3d8ec89f-af62-44c0-9827-372d3671d02b	Никакой национальной общности поверх конфессиональных границ, которая грезилась советским чиновникам, не сложилось: горские евреи и сегодня отличают себя от татов-мусульман, что совершенно не препятствует деловым, экономическим и дружеским контактам на индивидуальном уровне.		
1074fd6b-020d-4c9c-bb6d-81462478c8aa	Сходство и различие языков было одним из аргументов в дискуссии о татизации, поэтому странно, что лингвистическое сравнение татского и джуури до сих пор не было сделано.		
91d3dbb3-0728-46a2-a25e-59a684cc17d8	Мне известны два очень лаконичных перечня различий между татским языком и джуури (Shalem n.d., Authier 2012:		
82035404-f599-4ed3-be2b-0f5aa91d5fc5	28) – насколько я знаю, других компаративных описаний пока не существует.		
20e0058a-f6d7-446f-afdf-4f4a5923992c	Задача этой статьи – сделать первоначальный обзор структурных различий между татским языком и джуури.		
4c45f678-5e48-437b-9a8c-666acfad01f8	Лингвистическая часть предваряется историческим обзором, в котором описаны разные представления о статусе и названии джуури и история его изучения – создания тех  описаний, которые послужили материалом для этой статьи.		
c4915f5b-ba25-4840-bfbd-8d3e6fc1836f	В некоторых случаях я привлекаю дополнительный материал из книг на джуури, выложенных на портале фонда СТМЭГИ.		
1386a4dc-6641-42ab-a74d-68003c68aade	Надо оговорить, что не существует никаких чисто лингвистических способов отличить два разных языка от двух диалектов одного и того же языка: такие вопросы решаются не на основании лингвистических данных, а с учетом социальных, политических, нередко и экономических факторов.		
64065f39-6692-404c-a5e1-7ef8c8e31edd	Как будет показано в следующем разделе, по поводу названия джуури и его статуса существуют очень разные мнения, поэтому мне надо обосновать выбор термина «язык джуури», а не, например, «северный диалект татского языка».		
b5e94b66-1c02-4c3f-aa77-08371a79ec25	Это легко: я использую тот термин, который предпочитают и пропагандируют языковые активисты из числа представителей сообщества, потому что хочу поддержать их.		
488c6841-4de4-403b-acf1-d1b4835306df	История изучения и именования джуури		
b271bd1e-2aa3-4671-bfa8-086688963a80	Первое упоминание о джуури в печати принадлежит Иуде Черному и сделано в 1869 г. (Черный 2017).		
308b778e-d948-467e-a8cc-ff39a72f9e29	Вслед за носителями Черный называет называет джуури «фарсид(ск)о-татским» (24, 28) языком, приводит список слов и текст (24 – 26).		
9559613b-7d37-4497-959c-9c87d2583986	В. И.		
7e79c8d9-1e8f-4c3c-937a-a979257d52a2	Немирович-Данченко, путешествовавший по Дагестану в 1876 г., сообщает, что жители называют свой язык «фарситским татским» (Немирович-Данченко 2017:		
16f6ccd7-7077-4401-9bf3-453df0667253	77).		
411cfb13-327a-430b-9471-0da223f58bdd	В этом эндолингвониме подчеркивается иранское происхождение языка.		
ca645fdb-5ae4-4a16-9826-04dd9fa8be83	Этнограф Илья Анисимов, сам носитель джуури, обычно называет его татским, но также татско-еврейским (186) или горским (228) и не противопоставляет языку татов-мусульман, считая, что горские евреи и таты-мусульмане говорят на одном языке (Анисимов 2017:		
001412fa-68e5-4e7a-80a8-737fd640c609	173).		
d3ce1a95-1e5f-415e-a6c9-f51590fe4410	Языком татов-евреев (Zand 2016:		
e5574289-a0ab-4258-bedf-66e3b3686165	30) называет джуури и другой носитель – раввин Яаков Ицхаки, который в 1880-х гг. создал первый словарь этого языка, но не успел издать его (только в 2016 г. этот словарь вышел в свет усилиями Михаэля Занда и под его редакцией).		
f11f5f98-9c2e-4907-948a-c857c2247215	Таким образом, и в XIX в., задолго до начала советского культурного строительства, горские евреи называли свой язык татским, причем если возникала необходимость уточнить этот лингвоним, то в своей среде использовалось указание на происхождение языка: персидский, а не еврейский, так как еврейский язык один – это древнееврейский, язык священных текстов.		
d9a9b1a6-d148-4868-b7ac-c54673ce6154	В коммуникации же с внешними адресатами – в книге Анисимова, адресованной русскому читателю, в рукописи Яакова Ицхоки, которая планировалась к изданию в Палестине, – возникало указание на конфессиональную принадлежность группы: авторы считали важным сообщить внешней аудитории, не владеющей кавказскими реалиями, что носители этого татского языка – именно евреи.		
33354df8-f8df-412b-93ec-1f1632c5fe82	Важно подчеркнуть, что каким бы лингвонимом ни обозначали свой разговорный язык горские евреи в этот период, выбор лингвонима не имел никакой связи с этнической идентификацией.		
ab0a536b-0aa2-4202-bde4-767ef2198767	Маркером идентичности в любом случае служил древнееврейский язык.		
50a482a9-c383-4376-8efe-949c1128c941	В этом отношении горские евреи не отличались от других еврейских общин.		
c232f882-ec4d-4c93-948a-f46eb9e41909	Разговорный язык не имел функции маркера идентичности, поэтому общий с татами-мусульманами лингвоним вовсе не подразумевал этнической идентификации горских евреев с этой группой.		
b1e3dea4-48da-4a4b-b7e4-de4fb336e14f	Первое лингвистическое описание джуури сделал В. Ф.		
983927f0-deaf-40fb-9220-b063b3a061c2	Миллер.		
edd05a74-e9d9-490a-b239-06713222abcc	Его информантом был уже упоминавшийся Илья Анисимов, уроженец селения Тарки в Северном Дагестане, носитель северного диалекта джуури.		
27822ef1-ef67-4938-9be7-370ee9e27c22	Миллер опубликовал сборник сказок, рассказанных Анисимовым (Миллер 1892), очерки фонетики и морфологии джуури (Миллер 1900, 1901), а также целый ряд других работ, посвященных отдельным аспектам описания джуури и публикации фольклорных текстов.		
fda74f87-2a20-444d-86bf-188b1a535e33	После установления советской власти на Кавказе лингвистическое изучение джуури впервые приобретает практическое значение.		
1a29f788-df57-432c-b5e8-0967e459309e	Советское государство стимулирует создание модернизированной светской письменной национальной культуры на языках «отсталых» народов, населяющих подвластную ему территорию.		
75baa5a7-c277-4497-863f-ab0aa6a268e1	Среди горских евреев нашлось немало энергичных и талантливых людей, которые с энтузиазмом принялись за строительство такой культуры уже в начале 1920-х гг., до принятия каких-либо мер по стандартизации джуури.		
1deff552-6508-4f76-accc-c5d92d086cca	Очевидно, однако, что для школьного преподавания, официальных документов, СМИ, художественной литературы и прочих сфер функционирования языка, новых для джуури на тот момент, требуется наддиалектный стандарт, наделенный более высоким статусом, чем разговорный вариант, обслуживающий бытовую коммуникацию.		
f3d62b9c-f4ce-4780-8477-711fd9694fc2	Во второй половине 1920-х гг. проводились съезды, совещания и конференции, посвященные стандартизации языка и выбору алфавита, подробно описанные в статье (Агарунов 2018) .		
2957686d-ec47-4a75-bcca-c59face6ab61	Одним из участников этих мероприятий был иранист Б. В. Миллер, предпринявший в 1928 г. по поручению Общества обследования и изучения Азербайджана[[1:X:x]] экспедицию по местам проживания азербайджанских татов (Миллер 1929).		
382248be-1102-441b-82d7-e8d91d3a2801	По результатам этой экспедиции он написал статью о кубинском говоре джуури, в которой сопоставлял кубинский диалект с северным по описаниям своего отца В. Ф.		
1f7e8890-2fa0-46e8-961b-2154852495ca	Миллера (Миллер 1932).		
e36e2ace-317c-45c0-b96d-7dd1f48a8c93	[[1:X:x]] Созданная по общественной инициативе государственная организация, на базе которой впоследствии было создано Азербайджанское отделение Закавказского филиала АН СССР.		
27cb6fe1-7dba-4cb0-b14e-7e05a2fe27b0	В том же году вышла книга другого информанта Миллера-старшего – Нафтали Цви Анисимова, племянника Ильи Анисимова, также носителя северного диалекта, востоковеда, который учился в Лазаревском институте восточных языков и на восточном отделении Гейдельбергского университета.		
8dbce089-7f82-4ae5-b187-aa638705599e	Н.		
2bb32e65-825e-4ba4-bb97-fb9fc13d081f	Анисимов написал на родном языке «Грамматику татского языка (Anisimov 1932) – фундаментальный труд, посвященный описанию фонетики, морфологии и синтаксиса джуури и предваряемый изложением основ современной (на тот момент) теоретической лингвистики.		
f2362c14-a738-43b5-be09-97f86ef14d09	Грамматика Анисимова была не только дескриптивной, но и до некоторой степени нормативной: она предписывала и создавала норму там, где имелось варьирование.		
68fb242a-da2b-46b4-ae7d-776d6cb3dfbc	Многие варианты Анисимов сопровождает пометой ‘неправильно’ (duz nisti стр. 121, 123, 142 и др.).		
83e22821-2bee-4775-8fcb-c8529bd31cad	Разделу «Синтаксис» были предпосланы правила пунктуации.		
00fe974c-44d8-4211-aea1-820c96d7f14d	С начала 1920-х до начала 1940-х гг. выходит целый ряд учебников джуури (Нисанов 1927, Бен-Герарий, Хаймович 1927, Худайнатов 1928, Lazarev 1934, Xanuxov 1937 и др., часть из них в еврейской, часть в латинской графике).		
875b68b4-a585-4f52-bc0f-4ff1e9bc1392	Все эти пособия созданы носителями языка.		
757006a8-6437-4802-a68c-a9e26f6e1780	В конце 1930-х гг. школьное преподавание на джуури было отменено, и интерес к описанию языка вновь оказывается ограничен академическими кругами.		
24b87749-c5d6-47c3-b87b-401ce43fabd6	Некоторое освещение получила фонетика джуури, описанная Р.		
3a5b6f15-e576-4a79-8383-2ce362407887	О.		
1bb91785-63af-4ec0-8dbb-43cc3ecda30f	Шор (Шор 1949) и ученицей Б. В. Миллера В. С. Соколовой (Соколова 1953).		
c8005827-e8f0-436d-8790-c5a3faf72aae	Статья Шор посвящена собственно джуури, в ней анализируются и дополняются данные о консонантизме джуури, имеющиеся в работах В.Ф. и Б. В. Миллеров, тогда как работа Соколовой посвящена в первую очередь мусульманским татским говорам с привлечением некоторых примеров из джуури.		
0b55f505-dc93-492f-a02b-c6bcfe30f307	Подробное описание всех уровней татского языка сделал А. Л. Грюнберг (Грюнберг 1963), оно несколько раз переиздавалось с уточнениями (Грюнберг, Давыдова 1982, Грюнберг 1997).		
4e548d38-119d-445c-a487-0018748e166f	Материалом для всех этих описаний послужили собственные полевые данные авторов.		
18b6220a-a58b-4b84-8a72-2b8ef935554c	В русскоязычных работах досоветского и советского времени использовался лингвоним «еврейско-татский» или его разновидности, в работах на джуури zuhun tati ‘татский язык’.		
2339f547-a8e7-4116-be68-24f3db7cf0bf	Большинство авторов не задаются специально вопросом о статусе джуури, называя его то языком, то наречием или говорами.		
f56e2557-b02a-454d-8259-667cc955ba66	В. С. Соколова использует бытовое слово «разновидности»:		
45572b61-67e4-42cd-95ed-e814821d79e5	«татский язык известен в двух разновидностях: собственно татский (так называемый «мусульманско-татский») и еврейско-татский» (Соколова 1950:		
03978c74-7b0c-48f9-801b-ec87b5921743	20).		
1d18338a-b90e-456e-918c-57d6479b8f16	Самую четкую позицию по поводу статуса идиомов занимает Грюнберг: ираноязычная народность таты по вероисповеданию делилась «ранее на две большие группы: таты-иудеи и таты-мусульмане.		
6fd3cc03-ea8f-4617-a1ab-ba3ca2f12257	Это разделение сохраняется в настоящее время как языковое: каждая группа говорит на своем диалекте» (Грюнберг 1963:		
6c515d64-683e-47aa-a1df-85d38d54fe7e	3).		
229d6e59-24f2-42d4-bfb6-d30cac4e0151	Стремясь подчеркнуть преодоление пережитков прошлого, неактуальность конфессиональных границ в советской действительности, Грюнберг, в отличие от всех других авторов, выбирает для этих диалектов  максимально нейтральные термины: он называет джуури «северным диалектом татского языка», противопоставляя его «южному диалекту», т.е. языку татов-мусульман.		
4339f37b-5017-4e1c-807d-ff434c66f873	С 1990-х гг. инициатива вновь переходит к сообществу.		
6cc90ae7-9b20-43b7-a2cb-79f62b2be3b0	Начинается настоящий бум лексикографической деятельности.		
c5494c18-21dc-43a7-af54-ae9998f7666f	В начале 1990-х гг. выходят два маленьких иллюстрированных словаря для младших школьников  (Ифраимов 1991, Изгияева 1995) и орфографический словарь (Гаврилов, Изгияева 1995), а в течение последующих лет один за другим появляются двуязычные (джуури-русские и русско-джуури) словари:		
957b2e60-85bd-4ca6-bd40-3876fb8cdb5e	Агаруновы 1997 (второе издание 2010), Изгияева 2005, Дадашев 2006, Нафталиев 2016, Амир 2020, Семендуевы 2021, Гавриловы 2025.		
0e4d9841-ab63-4722-a9f4-e9a55b2c1689	Все словари созданы носителями языка, не имеющими никакой лингвистической подготовки, которых только любовь к родному языку и восхищение перед его лексическими сокровищами заставили взвалить на себя этот колоссальный многолетний труд, и за каждым словарем стоит целая личная история[[1:X:x]].		
16312657-9310-4a8f-bdd1-21e56b528083	Эти словари, хотя и подготовленные лексикографами-непрофессионалами, являются ценнейшей базой для дальнейших исследований.		
0052fca5-86ea-4536-99fa-57edafb24ad6	Кроме словарей, публикуются учебники джуури Гаврилов, Авшалумов 1990 (переработка  учебника 1938 г.), Изгияева 2001, Исаков 2020, Исаков 2023.		
babb353b-2a8c-4297-a94b-ab10f15b5339	Они адресованы младшим школьникам и с методической точки зрения представляют собой учебники родного языка, с которых ребенок начинает знакомство с письменной речью.		
4333c912-665b-48fa-a0de-e17e28569eda	Исключением является учебник Богданов 2019, адресованный взрослым, не владеющим джуури, и отличающийся внятностью грамматических описаний, так что его, с некоторыми оговорками, можно использовать как академическое описание джуури.		
beb3236f-99ef-416c-a2ec-8eabd9b0059d	Остальные учебники могут служить лишь материалом для исследования, поскольку детей дошкольного и младшего школьного возраста, владеющих джуури как родным языком и начинающих читать на этом, а не на русском, английском, иврите или каком-либо другом языке, насколько я знаю, сегодня не существует.		
d0e47905-9278-4b07-9a98-32b41985f72e	[[1:X:x]] Необходимо упомянуть, что бОльшая часть словарей были опубликованы благодаря финансовой поддержке фонда СТМЭГИ и усилиям издательского центра фонда «Sholumi».		
a8fbfe19-fc3f-4136-899d-be2828c70805	Без этой поддержки подвиг стихийных лексикографов остался бы неизвестен широкой публике.		
8bef15bd-fe98-471d-8d83-ea4d28111294	Научным изучением джуури в постсоветский период занималась Е.		
f4cb1131-5489-4a35-bb42-fe597383cb2e	М.		
c5054aa7-3025-41d4-92d0-a443f2a82fdb	Назарова, уроженка Махачкалы, стажировавшаяся под руководством Грюнберга.		
9528aa83-2ae5-445c-9037-4b8c4a88b847	В центре ее исследовательского внимания была именная система и атрибутивные конструкции джуури (Назарова 1988, 1992, 2002).		
02d9184a-591a-4599-b31b-5d58e09f7780	Работ по другим аспектам языка не появилось.		
023debda-bd99-45c9-bd7b-ae7abb13f3ec	В 2012 г. французский кавказовед Жиль Отье опубликовал очень содержательное, типологически ориентированное описание джуури на материале произведений советской горско-еврейской художественной литературы (Authier 2012).		
0a4e74aa-1ea7-4c9c-bc19-51d5c227b1ec	Лингвоним в постсоветское время претерпевает дальнейшие метаморфозы.		
52595fd4-f699-42bd-8a3e-06059c83af06	В начале 1990-х гг. в названиях словарей и учебников используется татский язык/зугьун тати без уточнений.		
e09fcb75-4937-431e-87f2-c38720422747	К 2000-м гг. в русскоязычных названиях распространяется вариант с уточнением:		
8a64eb2b-fa8d-4273-9bbc-6e569e90666a	татский (еврейский/горско-еврейский) язык, а из названий на джуури упоминание о татском к этому моменту уже исчезает, и его заменяет жугьури.		
9993d75d-e721-4c8e-9a50-4ac92873b835	В течение 2010-х гг. татский исчезает и из русскоязычных названий.		
426fcd9e-0693-4ad0-a026-b06e2e9ea2a9	В московских изданиях его полностью вытесняет джуури, в израильских используются два лингвонима: джуури и горско-еврейский.		
92d24577-b79a-4311-aee9-b67b29e181d2	Для распространения в русском языке лингвонима джуури много сделала Е.		
6cc50172-f063-461a-8a16-96088e223c29	М.		
a1c974bd-e661-46b2-a06c-dc5194f3bf29	Назарова, которая посвятила вопросу об исконных и навязанных лингвонимах и этнонимах целый ряд работ (Назарова 2020, 2021, Назарова, Якубова 2023).		
ae0aa9ec-9ffd-438d-955d-02b44ffafec4	Ее точку зрения поддержал московский фонд СТМЭГИ, во всех изданиях которого сейчас используется только джуури.		
d6ca62ae-9463-46b5-a0a5-e1a87d56a96b	В Азербайджане изучением татского языка занимались исследователи Т. М.		
6b01bb72-3afb-46db-9d63-b456e762bdf5	Ахмедов, М.		
1570be25-dca9-4bcb-8c38-b1ef6e28d67b	И.		
1ad458d5-86aa-4a71-83f8-d1ec421875c8	Гаджиев, Г.		
b5b12ed0-273d-4a14-9196-56d69594df96	И.		
e2afb42f-83fe-4852-b474-7305dfda1b59	Гусейнова.		
7b96b14c-e98c-43ad-8ee3-f8f8ef53003f	Азербайджанские исследователи не называют язык горских евреев ни джуури, ни каким-либо другим лингвонимом и вообще никак не выделяют его из татского языка, отмечая, что горские евреи говорят по-татски и что, перейдя на татский язык, они сумели сохранить в нем значительное количество лексических единиц древнееврейского происхождения (Hacıyev 2009:		
b14ea3a0-ea7a-4ad9-8ba0-4adb84c55fdc	90, Hüseynova 2013:		
1fb9ce70-dc87-4096-87f8-0d04a3864ec6	Например, все говоры Кубинского района, в котором проживает большое количество горских евреев, включаются в число северных говоров языка азербайджанских татов (Hacıyev 2009:		
d28dc4e1-09a8-4863-8266-d90b4230970f	18).		
a4a5c7a9-bd1d-4327-915a-7277953c55ca	М.		
4f4680cd-846a-475a-bf99-91d9709ed924	Сулейманов (Национальный институт восточных языков и культур, Париж) постулирует существование еврейско-татского диалекта татского языка.		
26383c3e-3340-42da-90af-668710697e1a	В этом диалекте он выделяет шесть поддиалектов, остающихся, несмотря на географичесую удаленность друг от друга, «в основном однородными и взаимно понятными» (Suleymanov 2020:		
0d5deafa-4c92-4f17-8b2e-c43f4a6b01a5	27).		
7987cbfa-9e8d-4dda-8b5a-03a840080d1b	Только Н.		
af020102-90d1-4bfa-bbce-3b698bad5d7c	Маммадова в диссертации, защищенной в этом же институте, характеризует еврейско-татский как отдельный «язык, очень близкий языку бакинских татов» (Mammadova 2017:		
64cbebfd-7b35-46ae-ba1e-3d67cc1b79ba	6).		
3193dd16-ae81-49ab-81b3-74f9a6e38f3a	Практически в каждой работе используется своя система записи джуури и татского языка – фонетическая транскрипция, фонологическая транскрипция, разные варианты алфавитной записи.		
a5d6128b-9938-4b91-884f-0d822ed6c468	Хотя мне кажется желательным сохранять написание источников, в разделах по фонетике и морфологии пришлось от этого отказаться и унифицировать написание, иначе понять примеры просто невозможно.		
6ce49a01-d43a-4b79-b9f4-aa2f21cc04e2	В разделе, посвященном лексике, написание источников сохраняется: кириллическая фонетическая транскрипция Миллера, запись на основе азербайджанского алфавита Гаджиева и Гусейновой, алфавитная запись Нафталиева и Агарунова.		
7e609675-a57d-4eaf-98ea-124d989d8f45	Вокализм		
612d77a9-444c-4d28-b29d-c7e3a20f465c	Система гласных фонем джуури такова:		
da012d62-f261-4747-b9f7-db518390f8b5	передний ряд		
52381ff2-51a0-41ce-9837-5785880caca1	средний ряд		
a1f741ed-a55b-4fe8-b2c4-3574f3bfcc1b	задний ряд		
3b4a833d-daca-4c85-bcc1-fe59f445f882	неогубл		
8d5cd8da-8031-471e-aa4e-2e95baddb701	огубл		
77a8af22-3518-4004-afa3-16d4dc834d18	неогубл		
1ff122b3-7caf-4e83-9006-c7ab7e744a3b	огубл		
8ffe964b-cefa-44c6-bfec-bf08b5386ed9	неогубл		
e98f1e6f-a35e-4a74-8f81-8dcd282beb0d	огубл		
d78f7a8d-c5e2-4602-a770-457f212a73ee	верхний подъем		
48128112-8123-4970-aa5a-6cc92d9beb13	средний подъем		
2f23e452-bc84-4f5b-b0dc-a4bf62cc6e10	нижний подъем		
651db5f6-9569-4ebb-bdb7-47f48f99bc8d	[[1:X:x]] Знак ə взят из алфавита.		
76d1d322-84ce-484d-8a2f-fa039b28d821	В МФА этот звук (ненапряженный неогубленный гласный переднего ряда нижнего подъема) обозначается неудобным символом æ, который при выделении курсивом почти сливается с œ, поэтому я не хочу его использовать.		
1c31751c-f312-42aa-bb8d-00536b07eb14	Миллер и Грюнберг обозначают этот звук символом ä.		
c8416322-e710-4468-8700-03c2c158ac36	Грюнберг и Давыдова (1982:		
b6b96e66-3a51-46b0-a160-dc2edc87b67d	238) вместо ə (звука переднего ряда нижнего подъема) в этой системе помещают е (переднего ряда среднего подъема).		
93d9de9d-c889-4233-8b4a-be77b8a3abf1	По их мнению, е в джуури соответствует ə в татском: дж. ser ‘голова’ – sär, merd ‘человек, мужчина’ – märd, ez ‘из’ – äz, также дж. bebe ‘отец’ и др.		
e3211056-8010-4bfe-8c8b-0ccf75207195	Однако составители словарей – носители языка (Нафталиев 2016:		
6e7eed06-249c-49f2-94aa-e50b4136b69b	15, Агарунов 2010:		
a221cdca-63de-49ae-87f8-4c909fc28005	14, ср. также Миллер 1932:		
69a77e5e-c9f9-42d9-9e7e-4e71d078cd3f	282) относят этот гласный к нижнему подъему и вводят дополнительную графему для более закрытого звука в заимствованиях из русского языка (ə используется там, где в татском у Грюнберга ä:		
1259d32b-7147-4e7f-b945-4c2059795506	sər, mərd, əz, bəbə; е используется в словах типа defekt ‘дефект’, ekran ‘экран’).		
d1a40f9d-78ab-4ef8-b991-c825cee83f31	Позиционные варианты реализации всех фонем детально описывает Вс.		
252e5aec-11d8-41af-b169-a08c33592a5d	Миллер (Миллер 1900:		
fc9a2371-9f5d-4a23-bedb-b89764443f89	1-8).		
18f5be22-a46e-49e6-84fc-c8af5e5023ee	На выбор аллофона большое влияние оказывают соседствующие согласные и гласные других слогов слова, а ударность/безударность слога не имеет большого значения.		
4a6d4c9f-6a6c-43a4-be8e-2fdd471b0bcc	Система гласных фонем, по-видимому, не различается по диалектам, но аллофоны и правила их распределения могут различаться.		
1dedaa57-770d-45a2-9fb1-04be08988126	В татском языке, судя по описаниям, в разных диалектах существуют различные системы фонем.		
365da2e1-cd85-4bfe-ba53-a7c5fbf702ec	Согласно В. С. Соколовой, в системе фонем изученных ею диалектов имеется три нисходящих дифтонга ei̯, оu̯, өу.		
e1750ca9-1981-4cb4-b208-6bfa29338409	Идет процесс развития из этих дифтонгов гласных среднего подъема е, о, ө, которые на момент сбора материала (1947 – 1948 гг.) не имели статуса фонем.		
239338cf-f6b7-435b-a26a-5628973c0766	Грюнберг также не включает эти гласные в число фонем татского языка.		
a1fc2b11-f3c3-43d7-902d-80c2df10061a	По мнению этих авторов, вокализм татского языка включает 8 фонем:		
51677f55-7948-44fc-9742-e0bbdd2abd8f	i, y, u, ä, a, ei̯, оu̯, өу (в отличие от джуури, нет фонемы о и есть три дифтонга).		
e4657299-2d16-417b-87ed-1f0667bfb383	Гаджиев полагает, что формирование фонем среднего подъема в татском завершилось (Hacıyev 2009:		
75f95d5c-b98a-41ac-87e2-cc6a20a35aa8	28-38).		
813e3356-8562-4036-affb-1fda833e854d	Дифференциальные признаки гласных, по мнению этих авторов, те же, что в джуури: ряд, подъем и огубленность.		
1efb51aa-0c4a-4b28-9a79-a76161db6e17	В ширванском диалекте татского языка Сулейманов описывает систему гласных, в которой насчитывается 13 фонем, нет дифтонгов, а к дифференциальным признакам гласных среднего и нижнего подъема добавляется долгота/краткость (Suleymanov 2020:		
7cdefa5d-112c-4df7-a426-9d622abbc29e	65).		
0eae45f8-9f54-4aa2-85c0-fa6e8d9e79d2	Под влиянием азербайджанского языка в татском и джуури развивается уподобление гласных, однако, в отличие от азербайджанского, ни в том, ни в другом языке оно не достигает статуса обязательно применяемого правила.		
d93516d5-5859-4264-896c-1bacc7a489f0	Контактное воздействие сингармонизма приводит не только к тому, что в корневых морфемах оказываются не те гласные, которых следовало бы ожидать этимологически (много таких примеров приводит Вс.		
51fe43a2-4707-465f-b1d7-c564f4f0d3fe	Миллер:		
55576312-5649-4784-8f18-cceb47e3fa8c	Миллер 1900:		
eb9bd989-b720-42f0-9870-8541a3063f5d	9-11 джуури, Миллер 1907:		
86ef9dda-c2f4-41de-9942-544e0fdd45fd	11-13 татский), но и к «неустойчивости» гласных в синхронии.		
c6e08517-5ac5-4e11-8015-463ee300df51	В джуури во многих корнях практически в любой позиции гласные i и y взаимозаменяемы: pyryş ~ piriş ‘свет’, gyrdə ~ girdə ‘держать’, şəkyl ~ şəkil ‘рисунок’.		
68734562-067c-4e26-a5ba-17cc721c48ee	В татском, в отличие от джуури, это варьирование подразумевает редукцию, возможно только в безударных слогах и включает в себя также фонему u (Грюнберг, Давыдова 1982:		
992996e5-3df0-4362-87fd-a8b932a8cf5c	236, умуруз ~ iмуруз ‘сегодня’ Миллер 1907:		
8ddc1651-2a2d-4b52-8528-c53c29cc2781	12).		
93cae0c8-5838-4809-8bdd-3f28297f0233	Из аффиксов обязательно уподобляются последнему слогу основы глагольные окончания 1Sg и 3Pl:		
f63a61fc-ffcf-4ba2-9140-31f54c1b8ab3	-ym и -yt для гласных переднего ряда (soxdən-ym ‘делаю’, soxdən-yt ‘делают’), -um и -ut для гласных заднего ряда (soxd-um ‘я (с)делал’, soxd-ut ‘они (с)делали’).		
2176bfc4-f781-41af-a090-48a84a314dcf	То же правило действует в татском, только окончание 3Pl здесь имеет вид -ynd/-und (см. раздел «Система глагола»).		
2407d2ef-f8d5-4df3-bb3b-542ae46bf231	В то же время глагольные аффиксы 1 лица – сильная позиция для i и y:		
0f69aa6b-7f30-401e-b70a-b37d41bd20a8	-ym в 1Sg и -im в 1Pl не смешиваются.		
27a139a7-9397-40b6-b894-f5a43e2059ef	Таким образом, в разных диалектах татского языка системы гласных фонем различаются, в них имеются дифтонги, дрейфующие в направлении монофтонгов, и пары, противопоставленные по долготе/краткости.		
8286ac2d-1d3e-42fd-8fd8-e6bcc33088f4	В отличие от татского, в разных диалектах джуури наблюдается единая шестичленная система гласных, противопоставленных по двум рядам, трем степеням подъема и огубленности/неогубленности.		
b06bacfe-a26c-4e2e-8759-f75e4ec827e7	На вокализм обоих языков существенно и сходным образом повлиял сингармонизм контактирующего азербайджанского языка.		
4a9709fe-cb80-4654-b628-4686a24d0f6b	В диахронии влияние сингармонизма привело к изменению гласных многих корневых морфем.		
04ef9a58-bcaf-41fd-96d4-2054b4d282fc	В синхронии гласные ряда глагольных аффиксов уподобляются гласным соседних слогов основы (в обоих языках одинаково), а процессы уподобления гласных в корневых морфемах протекают по-разному: в джуури они затрагивают разные гласные в ударных и безударных слогах, а в татском происходят только без ударения и затрагивают все гласные верхнего подъема.		
4988f1aa-74f0-40bf-b25a-4ded5efc4fde	Консонантизм		
ae41bba1-d61a-434a-b351-1c4df55ba5aa	В консонантизме татского и джуури пока не выявлено различий.		
b3939457-efc6-4b7f-a365-018d745cc4f9	Единственное, о чем можно упомянуть, - это отсутствие в татском эмфатических t и d. В джуури эмфатические t и d описывают В. Ф.		
a480beb4-90c2-4d19-be34-9f889946141d	Миллер, отмечая, что они встречаются редко (Миллер 1900:		
1f9d3093-17f2-4264-89ec-24044321e944	18-19), и Р.		
e93d16d4-6c27-4e32-95fe-222d86618c88	О.		
a9f3c128-01d1-4126-bc5c-fb4efbacf5f5	Шор (Шор :		
413cd3c6-da06-4add-a9f4-043b7445d1db	135-136), а Б. В. Миллер фиксирует только эмфатическое d (Миллер 1932:		
b43589cc-6532-4cdb-8fb8-658b78a21047	270).		
0aaeca25-32fe-4259-abf4-76b80830f434	Сегодня эмфатическое t можно услышать в аудиокнигах, начитанных для портала СТМЭГИ, в исполнении некоторых чтецов (Роза Мардахаева, Батцион Абрамова) как вариант реализации обычного t.		
ad74450a-22a3-4d90-b481-fa35848146ef	Поскольку и зафиксированные В. Ф.		
e953e8be-fa0e-4b09-bb91-831a72d877f8	Миллером эмфатические t и d не обусловлены ни этимологически, ни позиционно, видимо обычные и эмфатические согласные в джуури как раньше, так и сейчас находятся в свободном варьировании, причем, по крайней мере сейчас, имеются не у всех носителей.		
fbd8691d-3729-41ff-a78b-93e32de36ec0	Именная система		
a0bfefc7-ad22-4519-a8f9-3b54442984bc	В именной системе обоих языков имеются следующие показатели:		
a8fd8232-6bb7-4553-9b2b-d68f7e1b3e9e	-ho/-ha и -un – множественное число,		
f50c2516-537d-4f4f-91ce-439db482c8b1	-rə (после гласной) / -ə (после согласной) – примерно соответствует дативу и оформляет референциальный прямой объект,		
1f79614d-25b3-49fe-bbd6-fce89ae9cbaf	дж.		
c4face34-b31f-4089-b1e1-4d1d270d1d9e	-rəvoz (после гласной) / -əvoz (после согласной), тат.		
b34bef32-5fbd-40a0-84e5-723f979ccaf0	-rəz, -rəzə, -rəvəz / -əz, -əzə, -əvəz  – имеет комитативное или инструментальное значение,		
7d80bbf7-fa61-4d78-b572-ccb23559039c	-i – несколько омонимичных аффиксов, в частности маркеры транспозиции (смены частеречной принадлежности): nəznik ‘близкий’ – nəznik-i ‘близость’, pəşm – pəşm-i ‘шерстяной’,		
09d876e4-108f-4b81-a913-a9d86f5e612a	-j – показатель изафета: маркирует главное слово (определяемое) именной атрибутивной конструкции.		
5a6b986b-5004-4f9f-bd7a-bc11b16e0414	Не присоединяется к словам с исходом на согласный или i.		
2a057204-80c7-4b31-a302-c24e305ebd14	Множественное число.		
df0b798d-1c95-4225-b7b2-9fff0510abd9	В татском языке при помощи аффикса -un образуют множественное число одушевленные существительные (названия родственников, домашних животных, отглагольные сущ. со значением деятеля и др., а также некоторые природные явления, см. Suleymanov 2020:		
d79471f3-62f5-407d-a44e-85cd21b3941b	96, Hacıyev 2009:		
43f66925-51bf-41fc-ab8e-e9c48cb40c9a	147):		
0bf82392-dafb-4062-a5f4-a4c03719a364	kük-un ‘сыновья’, pišig-un ‘кошки’, dunustagor-un ‘знатоки’.		
031d4c72-1901-46de-9171-2d45b4279d99	В джуури этот аффикс вышел из употребления, все существительные образуют мн.ч. с -ho:		
1b30007c-6995-426c-a10b-df0c4624e819	kuk-ho ‘сыновья’, pišig-ho ‘кошки’, nyvysdəgor-ho ‘писатели’.		
bf7c3b94-0804-4135-94e1-3b00008dfe8f	Варианты с -un возможны только для некоторых названий родственников (biror-un ‘братья’ наряду с biror-ho) и воспринимаются как архаичные.		
59d1741c-f5e6-4bfc-abfc-c21cb570f239	Квазипадежные показатели -(r)ə и -(r)əvoz.		
f21204b6-2c60-4f90-94c5-1abee1dd8df2	-(r)ə оформляет референциальный прямой объект, а также маркирует роли реципиента, экспериенцера и другие прототипические для датива.		
a095bbb3-0fa6-4623-ac24-2bd4ba14f5de	Примеры: дж.		
35bdad5e-4c89-4f51-be15-06ce5e31e9ed	sər ‘голова’ – sər-ə dəşəndə ə zir qənət ‘пряча голову под крыло’ (реф. прямой объект), xudo ‘бог’ – xudo-rə şykyr ‘благодарение богу’ (косвенный объект – адресат), тат. dou̯şan ‘заяц’ – dou̯şan-ə gyftim ‘мы поймали зайца’ (реф. прямой объект), in səg-ə kisnəjy букв.		
06a9405c-1fa8-4146-abb9-9cdc47d45912	‘этой собаке голодно’ (логическое подлежащее – экспериенцер).		
523bf97a-8d7f-4880-aaef-1b0820ba2ccd	В джуури -(r)ə широко используется для оформления косвенного объекта (Authier 2012:		
a9273a44-3561-443d-912e-be8e15a5d097	47-49), тогда как в татском этот показатель оформляет логическое подлежащее и используется в атрибутивной конструкции (см. ниже), а косвенный объект требует предлога: тат.		
f9336e19-ea29-4d05-a574-eeb41bf8cb5e	pijər bəxşi bə kyk tufanqa ‘отец подарил сыну ружье’, bə - предлог (Миллер 1907:		
7f97cec1-dcee-4c33-b589-732f31050c4b	29, Грюнберг 1963:		
0bc406ae-8ef6-41cd-95d1-c6d4dff24daf	22-25, 28, Suleymanov 2020:		
18377d8a-1615-41d9-b219-0d7b3cb7fd63	96-97).		
cfc033d9-d2e1-4741-8b7b-43a4bd1124b8	Функции и употребление показателя -(r)əvoz в джуури и его аналогов в татском, по-видимому, не различаются: он выражает инструментальное или комитативное значение и требует предлога.		
889133e6-d849-4244-9fd3-a38c1a4be910	Примеры: дж.		
65a0065b-7a02-4884-ba1e-d1e57e0e4a24	ə kələ cetini-rəvoz ‘с большим трудом’, тат. kufind bə cuv-əz ‘бейте палкой’ (Грюнберг, Давыдова 1982:		
5431b0b9-304d-4521-84ab-dc0fa95c2a3c	250, Hacıyev 2009:		
392044c2-c062-4a64-9885-35e4232f4454	158-159).		
ac360bb5-d5f9-4120-b23c-40339b5a81cf	Аффиксы -i и -j используются в атрибутивных конструкциях.		
e9931621-e47d-42bc-9fb8-dba3806365a5	Семантика атрибутивных конструкций в джуури подробно описана Е.		
d89d1e2c-1d53-486d-bcdc-4aba30337433	М.		
8d433b55-8710-4240-989e-7973c33a115c	Назаровой (Назарова 2002:		
1fe0a67e-3697-4b53-9cc0-3dd232d05c15	186 и след.), а с формальной точки зрения встречающиеся в татском и джуури атрибутивные конструкции можно разделить на несколько типов (табл.		
70f3d326-8b8a-448d-9423-2d09cf6629d0	1)		
ce63d17a-cd54-44bf-9427-30c15844500f	порядок компонентов		
a2d652af-f614-4be4-9b1f-970653456f33	маркер		
8f969108-0ca7-4e1f-b9aa-5e2c3e8d90d3	пример		
27d5c321-73d8-4489-9910-388ee12397a4	главн		
b4caab54-279c-407b-8a61-ca40d4b161d0	завис		
96523399-d7b6-409b-8a4f-974d6009838c	предлог		
8fab768b-4f2a-464a-bc94-f3dc7d1ae41d	главн-завис		
666f1402-e2b8-4684-a96d-6aef90b650d3	-		
05efd101-d727-4ac8-819d-33ce25da6100	-		
a6107aa6-5837-42f2-a66a-01f9af335382	ən		
84a0481d-0646-4a0b-89cf-49870d0df726	тат. xər ən qunşi ‘осёл соседа’, дж. sifət ən zən ‘лицо женщины’		
72672f26-6025-4ee7-b679-bccefb32db1e	главн-завис		
fe9ab4c0-30f9-4109-bc45-727e8829c4ba	-j/ -		
e03249c5-595b-4167-9f3b-9a5ce28ccefd	-		
26df8949-091b-45f3-af9a-1d37da030a3c	-		
02a8dd97-0d58-4f0f-857a-7f1b6d164c59	тат. sula-j siçan ‘нора мыши’, дж. çərgə-j Vs.		
3d2046b6-ea52-4416-a4ec-a7e79629682d	Miller ‘система Вс.		
bb62dd72-0b99-4a44-b95d-6238a302de91	Миллера’		
869657f2-eb2c-4fe5-bfdc-d7c29f496634	главн-завис		
79d9db53-80fb-4c31-afe4-fc290c87b73f	-		
9eaa1186-559d-439b-b3c2-f0cd552fa2a0	-i		
a000667e-eef4-4f8b-9883-897d0898bfd1	-		
4086a041-0e4e-443c-8300-29c2ee403a5b	тат. xunə bəbə-i ‘дом отца’, дж. gofho azad-i ‘слова свободы’		
c11a9306-0c36-411c-be04-d510ec1e959c	завис-главн		
8c734f4e-5e64-4c7c-adb4-1bbbf7544f42	Poss		
c8e4bd4c-e54b-4636-815f-906c36edc9fb	-(r)ə		
7b2d333f-432a-41c1-8463-3d8a8125d0fe	-		
e4ae10aa-fa39-4459-b25d-3bb4f9242a29	тат. i duşmə-rə ou̯-i ‘вода этого источника’		
adee15fe-d101-4b07-9eee-dc96607ab06a	Табл.		
56065089-e5f5-4fe8-979a-e068d0cd1dc4	1.		
917ecf4e-d3e7-4f38-9956-16eae0416588	Типы атрибутивных конструкций		
f3a8ee1c-d1a5-49a9-96d8-22cd6c7791e1	Первые два типа – конструкция с предлогом ən и конструкция с маркированием главного слова – продуктивны в обоих языках.		
2e5ef763-7a3e-4177-ab77-12d0e52f542b	Маркер главного слова -j присоединяется только к словам с исходом на гласные кроме -i.		
b3bb7801-84c8-4b7a-b5c2-93daf9f2407f	Если главное слово заканчивается на согласный или -i, этот маркер опускается: дж. num xudo ‘имя бога’, тат. divor xunə ‘стена дома’.		
f6c7d85c-b8fe-466b-98d2-5a1eb2bc88e0	Вероятно, из-за обилия таких немаркированных конструкций иногда утверждают, что конструкция с маркированным главным словом в джуури утрачивается (Назарова 2002:		
7c0daa81-6552-4d4e-9810-e794843fe4e8	192).		
cd49d0fb-65ed-4965-8086-12c9407c0961	Но если главное слово стоит во множественном числе, т.е. заканчивается на гласную (-ho), то в современных текстах оно обязательно маркируется, как и все прочие сущ. с гласным исходом, поэтому я не думаю, что эта конструкция утрачивается.		
e5a6dda2-4731-4488-93fe-79e506f1ff15	Более того, маркирование главного слова распространяется и на другие конструкции в джуури, см. ниже.		
dc63bac1-57b2-4cfe-afc3-58ebc0c998c3	Конструкция третьего типа (с маркированным зависимым словом на -i) тоже очень продуктивна в джуури.		
c8480522-65eb-4b93-b3aa-6d0f4a7e8991	В татском эта конструкция распространена гораздо уже.		
37612a29-6d3f-443c-9e0a-6494308335bd	Миллер упоминает ее, иллюстрируя лишь примерами притяжательной конструкции с названиями родственников (Миллер 1907:		
8898e608-cae5-4b04-9658-73ed882197e2	29), Грюнберг вообще не упоминает, Сулейманов пишет, что в ширванском татском форма на -i употребляется очень ограниченно (Suleymanov 2020:		
cf010f79-cb31-48cf-86ec-301460439ea8	110).		
113634b4-125b-4d6e-bf7f-26a42dffd059	Те значения, которые в джуури передаются конструкцией с формой на -i, в татском выражаются при помощи относительного прилагательного с суффиксом -in:		
e416baf7-1161-4ce6-b74d-d053c1a9f89a	pəş ‘шерсть’ – pəş-in ‘шерстяной’, uhun ‘железо’ – uhun-in ‘железный’ (Грюнберг 1963:		
57f4d225-c4be-46fc-86bd-b5f5d99f10b7	36-37), vərf ‘снег’ – vərf-in ‘снежный’, xun ‘кровь’ – xun-in ‘кровавый, кровяной’, zihr ‘сила’ – zihr-in ‘сильный’ (Suleymanov 2020:		
523b5e50-9544-4cdd-b6a9-5c9dc37ab5be	109).		
e75b6947-c2f4-4c8b-b8ab-78cc678c9d56	Эти относительные прилагательные имеют атрибутивную форму и употребляются препозитивно, т.е. не отличаются от других прилагательных:		
e1cf8700-2a26-4429-979a-89e4e846d2cd	rəng ‘цвет’ – rəng-n-ə hilou̯ ‘цветной палас’, -ə показатель атрибутивной формы, -i- в суффиксе в этой форме выпадает (Грюнберг 1963:		
57d9ab52-5c48-402f-9ae5-967088b559a7	37, пример со стр. 174).		
bf3c3ed6-ce8d-4181-bf9c-89248bbbb024	В джуури форма на -i употребляется постпозитивно и не имеет атрибутивной формы: hovun ‘железо’ – rəħ hovun-i ‘железная дорога’, vərf ‘снег’ –   doq vərf-i ‘снежная гора’, zimistu ‘зима’ – ovoduni zimistu-ji ‘зимняя одежда’ (-i переходит в -ji после гласной).		
55a5f02e-e3e1-48b7-8484-8eaf8d89def7	В джуури вторая и третья конструкции могут объединяться, и оба слова оказываются маркированы: cəkmə-ho-j mərd-i ‘мужские сапоги’, loko-j xun-i ‘кровавое пятно’, vişə-j palud-i ‘дубовый лес’.		
354980a9-db32-42a0-a6cf-24226d11b1bb	Маркирование главного слова встречается и в первой конструкции, с предлогом:		
a6c0e609-beb0-48c1-af3d-cf301351412b	gufdirə-ho-j ən Şəlmu kuk Dovid ‘притчи Соломона, сына Давида’.		
f344169c-7329-4a3d-aa47-98664a53cf53	Конструкция последнего типа, с препозицией главного слова в форме на -(r)ə, отсутствует в джуури.		
5dbdf6aa-a963-4ff2-ab08-7680265b0c52	Главное слово в ней маркируется притяжательным местоимением 3Sg или 3Pl, относящимся к зависимому слову qunşi-mun-ə səg-i ‘собака нашего соседа’, ԧəjəlun-ə çavabhə-jşun ‘ответы детей’ (примеры из Грюнберг 1963).		
32f84474-dd7f-42b8-b6af-032af534649a	В татском эта конструкция развивается под воздействием азербайджанского языка, в котором, как и в других тюркских языках, распространено маркирование главного слова атрибутивной конструкции притяжательным местоимением 3 лица.		
5fb6c1f7-fc4e-4129-ac50-a1a9ff55d993	Основные различия между татским и джуури в именной системе:		
3ececa91-9325-4c3c-a617-54ee0a08b966	два продуктивных маркера множественного числа в татском (-ha, -un) и только первый из них в джуури (-ho)		
18951438-3d61-47d6-8678-9a20fad9de30	выражение косвенного объекта формой на -(r)ə без предлога в джуури и с предлогом в татском		
cbaea64e-029c-4810-ba10-f0b199bacd6e	фонетическое разнообразие маркеров инструментально-комитативной формы в татском -(r)əz, -(r)əzə, -(r)əvəz		
f6179aaa-1177-4843-95ff-0951e2dee3fa	в джуури широко используется атрибутивная конструкция на -i (в татском встречается редко)		
bb63eb24-99a7-44a1-a3f5-ae19826598e4	в джуури отсутствует атрибутивная конструкция с маркированием главного слова притяжательным местоимением 3 лица (в татском встречается часто)		
5bf1ef6d-4209-47af-bb51-b28cd9458b72	Система глагола		
e90ece08-5cf0-4773-ad93-d3d35ee61572	В глагольной системе татский и джуури насчитывают наибольшее число различий, хотя основные характеристики этой системы в обоих языках одинаковы и представляют собой дальнейшее развитие среднеперсидского состояния:		
5295e1ef-804c-4740-b25a-66ff6eb329db	глагольная система строится на противопоставлении двух основ		
5db49431-919a-4077-a1ed-5231b86a7424	морфологическое выражение модальных значений имеют только императив, конъюнктив и (в джуури) оптатив.		
3eb73e37-c0c4-404b-b7b7-1e330f3fab58	Остальные глагольные формы могут выражать как значения индикатива, так и различные ирреальные значения		
bc0ce598-341f-4553-88cc-942410503000	многие формы индикатива восходят к аналитическим формам вида «отглагольное имя + личная форма связки или глагола ‘быть’»		
cdc00b31-0d89-4e48-b85f-fde2c807bba5	широко используются различные отглагольные имена для выражения вторичных сказуемых		
8a1b7b75-1cb4-4cde-98c5-ad291a00dbfc	противопоставлены два залога: актив и пассив, образуемый аналитически (Ефимов и др.		
9d21bb7c-aa32-4882-ad2d-90efa513a1e1	1975:		
dc0499a7-4066-442d-9ccd-723cf51d6e37	357, 386 и след., 389).		
52508bd1-27b3-4433-bad9-ad5e894096d8	джуури		
703bcade-8e20-4374-b536-b8ddadac77b5	татский		
0b41ed4a-bc74-409a-92ae-a874b3ee596c	Показатель инфинитива		
6ab3109a-0cda-496f-bfa7-8c0ea32e0f93	-də, -rə		
d318dfdb-a0b2-4092-9c5a-49688449a302	nyşdə ‘садиться’, tərsirə ‘бояться’		
0df56980-87f7-4898-bd1a-0a5b3b4f6b18	-dən, -rən		
b87c15a8-f414-4053-ba61-9c17b93ea1b7	nyşdən[[1:X:x]], tərsirən		
89ed9dc6-2432-4a21-a9bb-8e65e1d484a9	[[1:X:x]] В этом разделе примеры из татского языка преимущественно приводятся из (Грюнберг 1963).		
1ecd35b8-c1b0-49fd-8a47-c1e4cb22e287	Личные окончания		
e600abdf-a3c9-4c81-ad1b-865734fb3e95	Sg:		
b41bec09-d4c5-40f7-bc98-8d538bc5793a	1.		
65d956f2-131a-42b8-96c4-8804cebc30e5	-ym/-um, 2.		
d17ae31e-6f7e-4723-a1c8-ae469c079f91	-i, 3.		
3f8e0e2a-517d-4ae5-8e99-04a85b8cd460	Pl:		
a7b24142-5a9a-4d25-a06a-f090d72c557b	1.		
df65a30f-8dbb-4e1d-9950-08851b4fb4e7	-im, 2.		
3269b4b8-ca1e-48ce-acd4-2cbb2096c29b	-it, 3.		
e4f27160-2d29-4094-86e2-b96ae9a25055	-yt/-ut		
f169e646-d44b-4a6e-aa27-f687dc947d1f	Sg:		
b867ffef-3b59-4037-808b-32d38d262a44	1.		
bb9306f9-17bb-4df4-9f78-8a848f03427c	-ym/-um, 2.		
0a0b85dc-bcea-47d0-af95-b92761ea5418	-i, 3.		
f14461ed-60bd-478f-9bfc-3bfa5cbaa560	Pl:		
c9bbf2ae-569e-4f5f-a858-06444a088cbf	1.		
22d2157f-90a4-4bbd-bfb4-b57f6c7348bc	-im, 2.		
e1625858-e76f-4305-aa46-900c1a534f71	-ind, 3.		
4cdb82d2-6e78-4f2f-bf7e-1f4eecf2c3ee	-ynd/-und		
a20b299a-fefb-4b68-b308-1ddfa9a672a1	Табл.		
bd856d77-cb20-4487-920a-36cbc93f0241	2.		
54203248-23ca-4f24-aa9b-d0c71702321f	Показатель инфинитива и личные окончания		
0a7c8ead-bd02-4d2a-9428-b3fa4af3d81f	Инфинитив образуется с показателем -də от производящих основ на согласные и с показателем -rə от производящих основ на гласные, т.к. -d- перешло в -r- в интервокальной позиции.		
c19d9cbf-a3d3-4283-849a-c11f68bfed39	В татском инфинитив заканчивается на -n:		
ab4e60fc-a636-4324-be05-847b1a127bfa	nyşdən, tərsirən, в джуури -n утрачено[[1:X:x]] и восстанавливается только в некоторых бывших аналитических формах.		
db62af2d-1875-4d45-ae40-343d166fda47	[[1:X:x]] В джалганском татском это -n также утрачено (Беляев 2025:		
cc7d8cbf-2ce1-40e4-82a4-0bc4b4640d15	16-17 сн.)		
bd5fa393-8ebb-4b11-939f-696a46bda5f6	Противопоставление двух основ сильно трансформировалось по сравнению с предыдущими стадиями развития иранских языков.		
83fbc564-39e7-424d-90b8-e1288b08eac1	Поскольку многие глагольные формы джуури и татского языка восходят к аналитическим формам, включавшим инфитинитив или совпавшее с ним причастие, в синхронии противопоставлены друг другу основа II, включающая показатель инфинитива (дж. и тат.		
cfa51cd9-d870-4ebf-9ddb-69f6cc0abef0	nyşdə – nyşd, tərsirə – tərsir), и основа I, лишенная показателя инфинитива (nyşdə – nyş, tərsirə – tərs).		
5f9282e7-8eb0-4f45-952f-2be0ad93ff81	На стыке производящей основы с показателем инфинитива могли происходить различные фонетические процессы, затемняющие исходный вид основы, поэтому основа I бывает связана с основой II историческими чередованиями: дж.		
62edabab-0da9-4b2d-b91a-bf7512a2ec05	giroşdə – giror, тат. gyraşdə – gyrar ‘проходить’, дж. vəcirə – vəcyn, тат. vəcirə – vəcin ‘собирать’.		
b620f571-2e02-4e50-b310-9c655dfe50df	По соотношению двух основ выделяют несколько классов глаголов (Миллер 1901:		
a94597bf-9d00-4e25-903a-eebf4dcb3346	19-26, 1907:		
0b50aa1c-d059-4092-8ec1-7ac41e1a15e5	44-49, Грюнберг 1963:		
75ab690e-c705-499c-afc8-e772c78d821a	53-58, Грюнберг, Давыдова 1982:		
3db2e1e0-2691-4a27-94f9-167674a113d1	262-265).		
99f95528-d373-4f88-944e-720d0f29d20f	Распределение глаголов по этим классам не всегда совпадает в джуури и татском: тат.		
85056cfd-09c1-407b-8066-df8a2d685dbe	suxdə – suz, дж. suxdə – sux ‘гореть’, тат. vaxdə – vaz[[1:X:x]], дж. vozirə – voz ‘играть’, тат. gyfdə – gir, дж. gyrdə – gir ‘держать’.		
c627f5fa-99f1-4b54-84a1-5fcbbe2e2e81	В основном эти несовпадения объясняются фонетическими процессами, встречается также развитие супплетивизма в татском при сохранении двух разных глаголов в джуури: тат.		
d4f7428f-6e85-4082-9341-7a4373edc37c	narə – il/bil ‘класть’ (Грюнберг, Давыдова 1982:		
4d3c9736-d686-404b-a16a-9427ecddd6c2	264), дж.		
8f64bdfc-c3c8-41bb-afa6-6675ed84d6d5	norə – n ‘класть’, hişdə – hil/bihil ‘пускать, позволять’.		
cd08acc9-f71e-4291-8744-bceb692861dc	[[1:X:x]] В речи младшего поколения основа I выравнивается по основе II: наряду с suz, vaz встречаются sux, vax (Грюнберг 1963:		
c7cb76b7-780c-4805-a416-2b40e9c45289	60).		
e0cba2b3-0da7-4f2e-8106-3e57dd2c156d	От основы I образуются все формы косвенных наклонений: императив, конъюнктив, оптатив (только в джуури) и форма, которую называют по-разному (Грюнберг, Назарова – будущее потенциальное, Вс.		
58da4c4f-7f59-45c3-a6b5-943d91567ef0	Миллер и Анисимов – будущее, Отье и Сулейманов – потенциальное (éventuel, eventual)), выражающая прежде всего модальное, а не видо-временное значение (анализ этой формы Ефимов и др.		
d44a214d-04bd-438f-b5dc-d689f2e827b9	438).		
7da7ee64-9080-4dbe-9f77-fba26e6aecf0	Форма конъюнктива восходит к аористу в классическом персидском языке, поэтому исследователи, придерживающиеся иранистической традиции, называют ее аористом (Анисимов, Грюнберг, Назарова.		
5d55cee5-ad33-49fe-b7cd-434401849797	Богданов), но на синхронном уровне ее употребление ничего общего с обычным аористом не имеет, поэтому я буду называть ее конъюнктивом (как и Вс.		
bcd050a2-ed59-4b62-a6fd-5ecadaa63ec2	Ф.		
6d89bbc1-cf42-4d48-a82f-a635501e0e73	Миллер и Отье).		
e5c35cba-3cd8-4770-86e7-f184e9208b7e	Форма оптатива в джуури восходит к конъюнктиву в классическом персидском, исконный оптатив утрачен в обоих языках (Грюнберг, Давыдова 1982:		
cf427f9d-9617-4bd1-8277-8f2b46dc5173	267).		
2399b068-7b31-4c26-b2ff-025ea0cbd4c6	Императив		
d2f8a531-5a24-42d0-bdbe-46aa1d06654a	Оптатив (только дж.)		
1137d352-83be-4ebd-85a7-54977c69cf4e	Конъюнктив		
4d491959-d4ec-402d-996d-f12157e2add4	Будущее потенциальное		
0bffd8b6-69e3-4c77-9c3f-034960eb39a3	rasum  rasim		
75995fa6-d09e-40af-8ce0-7815cb21d4a9	rasi      дж. rasit, тат. rasind		
36a3410e-c132-4fb0-b4ff-972561fc8e81	rasu    дж. rasut, тат. rasund		
b490aa29-f6a4-45c7-b582-7d0fda51eb2c	mirasum  mirasim		
12e9cd29-e895-44b3-b794-da6f51222f1b	mirasi      дж. mirasit, тат. mirasind		
85d59fb4-1209-4d44-8cf5-1b7c086d6e2b	mirasu    дж. mirasut, тат. mirasund		
8da23c50-ae61-4aac-9204-354f0ef25880	Табл.		
c9503068-5657-45ac-892b-1d54a6652174	3.		
a5fb5743-3e69-4840-abb9-7f79bfc9234f	Формы, образуемые от основы I, на примере глагола ‘достигать’ (дж. и тат. основа I ras, основа II rasir)		
3846c5a4-8d79-414c-8bc3-1202a49f01b1	От основы II образуются две синтетических формы: перфект II (результатив в прошедшем) и форма прошедшего времени, имеющая аспектуальное значение в татском (Грюнберг называет ее «прошедшее многократное») и модальное значение в джуури (Вс.		
c471486c-f77d-48e9-bd1b-246826b7fe0c	Миллер называет ее Conditionalis, Отье éventuel passé).		
1dfb1cad-baeb-42be-b851-2dfbe08fb47a	В 3Sg глаголов на -rə согласный -r выпадает, форма оканчивается на последний гласный основы (дж. omorə – omo ‘приходить’, dirə – di ‘видеть’).		
e979c6cb-2345-4d82-becd-b4e563634f64	Перфект II		
48b91943-aae1-4967-a563-3396be521d9d	тат.		
b0e633d9-cfa6-48ff-b305-e81740c2cec9	Прошедшее многократное, дж.		
9b554338-1f30-4502-b7b7-76053a12472f	Форма прошедшего времени, выражающая ирреальные значения		
0414db4d-ae0d-4d79-baca-5cf75a93bc94	rasirym  rasirim		
1b68cf9a-1556-4e4a-8eef-0c2e0c14aa6e	rasiri     дж. rasirit, тат. rasirind		
9b0c854a-34fa-4974-a33c-029b82d63920	rasi       дж. rasiryt, тат. rasund		
efe0c2b4-8761-4343-857a-2f92f77cf0c4	mirasirym  mirasirim		
668e077a-0a56-4b22-b020-05fa3944dd93	mirasiri     дж. mirasirit, тат. mirasirind		
c6860187-6ca2-40b0-aa66-afc070eef725	mirasi       дж. mirasiryt, тат. mirasund		
030998d7-c2dd-425b-b98c-26dcbb57315a	Табл.		
e9b90173-e7ea-4178-9aad-e82ee900f61e	4.		
0ca0a3d1-81f9-4c82-abb2-78562c4259d9	Синтетические формы, образуемые от основы II, на примере глагола ‘достигать’		
51493907-63e7-452e-89a9-b23814bf201d	Кроме этих двух синтетических форм, от основы II образуется большое количество аналитических и бывших аналитических форм.		
ea22cb8c-6bfa-404e-bbf8-bbe50e39413d	Они восходят к комбинации отглагольных имен (инфинитива, причастия, герундива) с формами связки, с формами глагола ‘быть’ от основ bir-, boş-, bisd- и с другими формантами.		
39bb4044-fc6e-4f96-a817-db1462732194	Способы их образования и функции пока недостаточно хорошо описаны как для татского языка, так и для джуури, поэтому детальное их сопоставление остается делом будущего.		
b1b5894a-dbac-4b5a-b097-3e289e5ee46a	Я рассмотрю здесь только три формы с основой II, о которых точно можно сказать, что они различаются в татском и джуури.		
2d89ecf6-611c-4012-bbbd-6d15dccfab89	Форма, восходящая к аналитической форме герундив + связка:		
6263e312-0f65-4f4e-901a-6581a352de0b	Sg.		
c04b53e1-40eb-4541-81ef-d7349910741f	1.		
1811e228-744a-477c-97cf-fc07a7fafdea	rasirən-ym  2. дж. rasirən-i, тат. rasirəniji 3. rasirən-i		
18be5bd2-d9b0-4405-9e5c-445d8256e944	Pl.		
af4dc71f-f159-461d-847e-427791e40001	1.		
03598c67-7b14-4fd3-b0e4-9c0f1bd886c1	rasirənim 2. дж. rasirənit, тат. rasirənind 3. дж. rasirənyt, тат. rasirənund		
47ffffa9-8336-4e58-99aa-b1e30efae634	В татском эта форма имеет значение будущего категорического (Грюнберг 1963:		
0291ad69-be53-4c54-a1a5-7c819e07164f	71).		
1d29e33b-f13b-4411-8651-0d8d4a3b5295	В джуури это форма настоящего времени, выражающая видовое значение, близкое к хабитуальному, и противопоставленная другой форме настоящего времени, образуемой с формантом ədə-, со значением прогрессива:		
72f872fd-f6ca-46fa-9c18-fd39c7ce12ee	Sg.		
e2cde7b2-382a-4990-b62c-1a0e0e728a93	1.		
8a7dd9bf-5158-42e4-b987-88afeae1c31a	ədəm rasirə 2. ədəj rasirə  3. ədəj rasirə		
a60b5657-b5ad-4983-85f2-5570e40cae92	Pl.		
b31d27c4-dd1e-4f1f-857c-47958426c1d9	1.		
5cc58f52-1f57-49ac-b714-c94da4cd74dd	ədəjm rasirə 2. ədəjt rasirə  3. ədət rasirə		
6b304ca6-6c9c-4b80-89b5-e80cfd008ffa	Примеры:		
d50e26c0-554c-4231-8b23-e92f997ddc58	U ədəj xisirə ‘Он спит (сейчас)’, U ə i utoq xisirəni ‘Он спит в этой комнате (всегда, как правило)’.		
03efb917-5b30-4871-b517-315aadb8a558	С формантом ədə- образуется и прогрессив в прошедшем:		
1c16f85e-ab19-4f16-8aa7-526754799888	Sg.		
4f5774a7-6faf-440d-90d5-6d57134c812f	1.		
40452944-0a0b-40c8-a6ff-b993d6969a34	ədəmbirym rasirə 2. ədəmbiri rasirə  3. ədəmbu rasirə		
410445d2-1824-455b-805a-a83cf242eb33	Pl.		
c0abe189-1c31-425d-aea1-905012dbb5e3	1.		
33ef2a5e-3a7d-4acf-973b-fb62edab8d36	ədəmbirim rasirə 2. ədəmbirit rasirə  3. ədəmbiryt rasirə		
377d671c-4752-4693-96b8-79a82afcfa67	В татском языке формы с ədə- отсутствуют, но возможно, какие-то из аналитических или бывших аналитических форм тоже выражают значение прогрессива.		
30047066-da07-44b2-a390-af12530112dc	Пассивный залог в обоих языках образуется аналитически: дж. инфинитив + глагол omorə, тат. инфинитив + глагол birən.		
d6eb5d93-7f59-436f-90f3-a76f8b8a9acf	Лексика		
0b623c26-7d21-4e9d-af3f-7d873175aa02	Основной массив татской лексики и лексики джуури имеет общее происхождение.		
cbe6b01b-c6be-42ad-8abb-385c034f9b7b	Он состоит из нескольких пластов:		
ace47949-4890-4a2f-9ff5-3630ec06c282	исконные слова иранского происхождения,		
30924366-e703-4d84-b304-143b4bf5d40d	тюркизмы – результат воздействия азербайджанского языка и, в меньшей степени, других тюркских  языков Кавказа,		
3436cdcd-b040-4d4c-9a62-6a9ba26f9540	арабизмы, воспринятые не из арабского языка непосредственно, а через другие языки мусульманских народов – азербайджанский, другие тюркские и персидский языки,		
dd029026-f476-415b-a89e-19271a26dd62	заимствования из русского языка, которые относятся к трем периодам: имперскому, советскому и постсоветскому.		
481005ab-f42d-46fb-bd15-25bab12f0699	В джуури есть еще один лексический пласт – гебраизмы (слова из древнееврейского языка, включая слова арамейского происхождения).		
1dc7e46b-1d98-4fe2-be44-dc0346d60c6b	В татской лексике этот пласт, разумеется, отсутствует.		
c90687fe-c05d-42a0-866d-34dcac9ca2f8	В рамках данной статьи я хочу уделить внимание прежде всего гебраизмам в джуури и их соответствиям в татском.		
e49bf5d2-e2e1-4231-a1f7-58c069413aaf	Но лексические различия между джуури и татским языком не сводятся к наличию/отсутствию гебраизмов.		
19d59124-e0f5-4a5d-a96f-df9204a75506	Например, татским тюркизмам г’iмiш ‘серебро’ и гзыл ‘золото’ (из тюрк. qizil ‘красный’) соответствуют в джуури слова иранского происхождения nyqrə ‘серебро’ (перс. noqre) и syrxi ‘золото’ (перс. sorkh ‘красный’).		
1b8192a1-f1bb-4c97-b94f-e1ec287c16a5	Исконные слова в обоих языках восходят иногда к разным иранским корням: джуури dədə ‘мать’ и bəbə ‘отец’, татск. мö ‘мать’ (перс. mādar) и пijäр ‘отец’ (перс. pedar), или слова одинакового происхождения получают разное морфологическое или фонетическое оформление (дж. şumordə и татск. бiшмардан ‘считать’ – перс. šomordan, дж. birəħnə и татск. бυнähрä ‘голый’ –  перс. berahne).		
c8cacf39-21c1-40cd-a8bb-abf971f9b34d	В советский период источником культурных заимствований для обоих языков был русский.		
f8686329-8f4a-461e-91ea-1c45ac773239	В постсоветский период ареал распространения обоих языков – и татского, и джуури – оказался пересечен государственной границей, разделяющей области доминирования разных государственных языков.		
20d1c41e-6bcc-4d10-a25a-8f8b4071e750	Те татские диалекты и диалекты джуури, которые распространены на территории РФ, черпают названия новых реалий из русского языка, а диалекты, распространенные на территории Азербайджана, - из азербайджанского (ср.		
fc4d9ec3-a712-4263-9ca6-3676ebc5a731	Hüseynova 2013:		
51cff081-f7ad-4a4d-9104-3628d0989752	82-83).		
6f88279a-fdb7-45c8-a3ed-54faf2c4b780	Трудно сказать что-то более определенное о лексических изменениях обоих языков в постсоветский период, учитывая происходящий в сообществах языковой сдвиг, интенсивную миграцию носителей джуури и отсутствие данных, кроме полевых материалов.		
e9be4927-0884-437d-91b5-93c089ed1e7a	Выявлением гебраизмов в джуури занималась Ф.		
3cd45856-ac9b-4dab-adcd-43557cb0f819	Б. Юсуфова (Юсуфова 2009).		
e91402a2-344c-42c3-83d6-15ae042365ef	Довольно значительный список гебраизмов приведен у М.		
26de7642-7d07-4b0d-87d4-707d9cb4373b	И.		
87fe28cc-c3a0-4deb-a6a7-86b15a6781a7	Гаджиева (Hacıyev 2009:		
eda4e13a-6a8b-4624-8a85-07ddbacb4f57	91-92).		
f2bce787-5c9b-4a68-9cf7-a66ecd9a046a	У меня нет информации о том, на какие источники они опирались, поэтому из этих работ я включила в рассмотрение только те слова, которые внесены в словари Агаруновых, Изгияевой или Нафталиева (хотя бы в один из них) и имеют в них значение, близкое к древнееврейскому слову.		
3a4251ef-a4c3-4513-a457-4d0eaf502375	Несколько десятков гебраизмов с этимологией и анализом некоторых процессов при адаптации их в джуури приводит Г.		
8a7c4e3e-99cd-469d-a4d9-0fe352dabcb4	Н.		
3780f63f-a360-4a7e-9a87-609e77c271b7	Богданов (Богданов 2020:		
bd77f7e2-0191-4c34-a25f-f4ae533a4036	116-122).		
7de5ae3a-c81b-473e-b1bf-650d32b8098b	Татские слова в этом разделе взяты из словарей-приложений к книгам Миллер 1901, Hacıyev 2009, Hüseynova 2013		
7af03625-0d71-4d75-be00-f54833efe3ed	Значительную часть гебраизмов составляют слова, обозначающие реалии, связанные с иудаизмом:		
5e1ede73-cf4e-49ba-bb8c-8bc56091ef7b	lulov ‘лулав, пальмовая ветвь – атрибут праздника Суккот’ (לולב),		
e636bbb5-1108-4629-8860-c5cbcc05f439	mozuzə ‘мезуза – амулет у входа в дом’ (מזוזה),		
78981f34-b5b2-43a6-b65f-a841a4ded1ac	sisid ‘талит – молитвенное покрывало’ (ציצת ‘кисти, нашиваемые по углам талита’),		
a97f72ba-e084-4b20-b3a2-b3e5d82f41b3	ԧərəvit ‘вечерняя молитва’ (ערב ‘вечер’) и т.д.,		
7210f07f-c0b6-40d3-8a3b-3839a35723dd	а также имена собственные, названия праздников, месяцев по еврейскому календарю, священных текстов.		
57d15960-c2c3-44e8-aab2-b69e58634a22	Все это отсутствует в культуре татов-мусульман, и соответствующих слов нет в татском языке.		
d714e13b-83e5-43b5-85b5-928d2ef91992	Некоторые важнейшие для иудаизма реалии и понятия в джуури обозначаются не гебраизмами, а словами другого происхождения: nimaz ‘синагога’ (ср.-перс. namāz ‘молитва, поклонение’, тат. nimaz ‘молитва’, nimazgah ‘молельня, место для молитвы’ (Hüseynova 2013:		
6fa99dc2-12f7-415e-8f94-35fc72278e49	167)), ħəlol ‘кошерный, дозволенный’ (азерб. halal, тат. həlal ‘халяльный, дозволенный’), ħərym/ħərim ‘трефной, недозволенный’ (азерб. hərəm, тат. həram/hərəm то же).		
287ef3ac-3e30-4881-a846-a4bb16da1184	Для некоторых понятий, связанных в джуури с иудаизмом, но имеющих более универсальное значение, существуют пары синонимов, один из которых древнееврейского происхождения, а второй этимологически совпадает с татским:		
0333bd40-8b20-4c0c-b752-3eae15084675	‘молитва’ təfilo (חפילה) и duvo (азерб. dua, татск. düo), ‘траур’ ovil (אבל) и jos (азерб. jas, тат. joc).		
420e95a9-2dfd-43a7-bb25-7b53b5f863aa	Гебраизмам джуури соответствуют иранизмы или тюркизмы в татском:		
7996dd7f-952a-462c-95f3-43a16dae1f1b	Джуури		
2cfe7b4f-e03b-48c4-a0c8-895fa65d65db	Татский		
ea945a03-2604-42b5-9bd1-531a6207da30	происхождение в татском		
014002cd-325b-4d8c-8904-e2e95c8f9919	перевод		
4456da75-9b5a-46db-b453-87cff324fde1	dəԧəm (טעם)		
47f0bc1b-ac16-4227-955f-fbbda9e87931	азерб.		
21b9f553-f8b0-4709-b816-d6ca96b15bf3	(из арабск.)		
df177822-0dcc-4287-9386-56cb1483df3e	вкус		
5eddbb2d-2519-4cbd-9e9d-17510f3a5639	dorum (דרום)		
a14127ea-2ca7-4979-8cb0-1375d4f277e0	азерб. и многие кавказские языки: qibla ‘юг’ из арабск. qibla ‘направление на Мекку’		
91398552-a100-42a6-93ed-a779134b6a8f	юг		
5e3a5269-02a6-4d58-996c-452d2aff9f02	gənԧidin (גן עדן)		
7ded9f64-fa27-417e-a4d5-e6b12d840ad1	çənnət, беhiшт		
e0e198c1-5a84-4103-980b-97fb97896d12	азерб.		
ade6d8eb-00b1-4501-97a8-b704af2a25dc	(из арабск.)		
c43a2f6a-3cc2-4206-9024-5e1d0b343dda	сənnət, перс. behisht		
7643e4d4-d841-44a5-8574-12d15d1e6a5f	рай		
15588310-0ed0-499f-812c-1f50906d07c4	ԧoşir (עשיר)		
9de0c104-8a75-4e57-ad00-fddaec8596ce	азерб.		
8c0a277f-adfe-4c4d-958e-99a4efd0b4bf	(из арабск.)		
5b5119ee-3591-43c1-9400-bd600368d89b	богатый		
fb5f17cf-7df4-45c7-ab95-718f2e404744	ħəton (חתן)		
bfa62b2b-41c9-41e1-b573-6fd55f38bb9d	азерб. adaxlı		
714e1cbf-d8d5-4151-86d1-cb2f7cc6dffe	жених		
c9ffcf71-b940-4059-88bc-b3abe1953abf	məԧərov (מערב)		
6b732a0a-87a7-436e-829e-50460c64404c	тат. afto ‘солнце’ + firomoran ‘спускаться’		
e564ea6e-4ae3-4fa6-969e-6896438e78c8	запад		
743d8a87-8921-4ba9-a788-93c89380b673	miħillo (מחילה)		
2cfa80bb-eb48-4298-b07e-3a23283aa53e	азерб.		
43aa3700-d829-4fea-a0e9-13032ebefab5	(тюркск.)		
b444258d-36b0-4ff4-81de-d93af77d434e	прощение		
d4a36c23-6712-400a-9981-0eb685da92bc	miԧid, устар.ԧid ((מועד		
1390d660-0dd8-4997-b864-5c52344fda8f	перс. eyd		
5b3c4fba-f988-43ec-82ce-eb7014c29c6b	праздник		
e071ca28-b8f9-4293-9487-b0fda5059f20	mito (מת)		
eccffb3e-5c15-45ab-8f8b-d47b04efc2fc	[[1:X:x]] У Миллера значение ‘труп’, у Гусейновой ləş ‘подкожный жир и мясо’		
4f81ca9a-f4c6-4632-a87d-5be7f9ed2943	перс. lash, азерб. ləş		
bf733206-f67a-4a87-b3ca-296c793a0edb	мертвец		
b2362e35-5b1f-4e37-98b2-8f96a76e268b	muvəħ (מוח)		
6b9cc266-d701-41c9-a56d-1b7c956b76db	бejін, məğz		
80ca5c60-46b3-4552-9eff-807bca782754	азерб.		
27b4bf12-c6a0-49e5-b24a-64c734d00092	(тюркск.)		
f9ad9ef9-386d-4056-9b33-1d5d035fb953	bejin, перс. maghz		
60025c50-44d6-4a3c-a4cb-c5f02f0f1a4b	мозг		
016f40d1-86c4-4170-a2b6-c40598542c94	mizrəħ (מזרח)		
a52a7209-2056-478e-84d6-62849a9979ff	тат. афто ‘солнце’ + вäрморан ‘подниматься’		
705bf886-6bb6-4c8d-80fa-2499579634ec	восток		
09c66cb0-0d82-4313-864f-81ab22b34a99	qovrə (קבר)		
dbe368f2-444a-42b0-be0b-a50c202461e6	перс. qabr, азерб. qəbir		
efa313a2-cc35-42ff-a635-a07f6718fc8c	могила		
8be81b29-2297-40c5-b871-4bc37e50001e	ryħ (ивр.		
c6ff7d93-c3d2-46f4-99f3-caeabf1be745	רוח)		
29b42f46-4be0-4115-968a-3caecfca04f7	перс. bu		
a836c1f3-7e0b-46c7-bb24-028bf9b2aa16	дух, запах		
911d763a-b145-467f-af2c-acac1ebfb305	sodiq (צדיק)		
73757ec9-8432-44b3-acf1-d04f33c34d3c	арабск. siddiq (перешло и в перс., и в азерб.)		
3aa855ec-8524-4eb4-9e06-9afe5ea6a3b3	верный, праведный		
e5c24686-2447-47a1-8dc9-92233ad6a41c	sofun (צפון)		
3643cdd1-8587-44a8-bcb2-dd0af94752d5	перс. şamal, азерб. şimal		
bcf70449-1cee-4b8e-bba0-4c293f818c21	север		
8a9f1966-c707-49bd-845c-5a24789566e4	təlmid (תלמיד)		
f83a526e-24bd-4469-8a3c-54a1f129d166	перс. şagerd		
6737dafe-1b68-4650-89d9-5a4bbc6c721f	ученик, последователь учения		
0ead88bc-9e03-49f2-9001-2c23b38b9631	Табл.		
6bbed8be-a186-4698-afcb-9f73d0b539d9	5.		
851333c2-e676-4477-bd9e-a9dbb0fbfea1	Гебраизмы и их лексические соответствия в татском		
e5c829af-1310-4316-b691-2affa60add15	К сожалению, пока не удалось найти татские соответствия многим гебраизмам: paşut ‘простой, наивный’ (פּשוט), şovԧo ‘клятва’ (שבועה), xoxom ‘мудрец’ (חכם), şolum формула приветствия и şolumi ‘мир’, (שלום), syԧydo ‘трапеза’ (סעודה), məsubo ‘надгробие’ (מצבה) и другим.		
65a36db0-eae7-41d4-8fb1-f077a10da4c1	Заключение		
bf354000-3709-4e07-a346-a2367d6fe7bc	Традиция изучения джуури и татского языка насчитывает более ста лет.		
9fbb51d0-5d78-4934-b665-32f83183a316	Это относительно богатая традиция, и имеющиеся описания позволили нам проанализировать некоторые различия между татским и джуури, но описаний явно недостаточно.		
ef599be8-d8e4-4efc-b9de-a7aff56ae6ae	Семантика атрибутивных конструкций, большинство аналитических форм глагола и их видо-временные и модальные значения, словообразование, предлоги и многие другие темы остались неосвещенными.		
21be3529-1648-4f42-8ee8-d896fc564a36	Изучить эти вопросы планируется при помощи корпусных исследований – на корпусе текстов на джуури, собранных в библиотеке фонда СТМЭГИ, и относительно небольшом корпусе текстов на татском языке, имеющихся в фондах отдела национальных литератур Российской национальной библиотеки.		
8d1f0f69-6213-461d-bcfe-733dee40d2ae	Еще одно привлекательное направление дальнейших исследований – это сопоставление джуури с другими еврейско-иранскими языками.		
76b14726-7f0f-4b21-8941-27b0d57b0cea	Здесь особенно интересен вопрос о составе лексического пласта гебраизмов за пределами семантического поля религии и о способах адаптации гебраизмов в различных еврейско-иранских языках.		
d1f568da-516e-453e-b58f-bf0686d6d678	В заключение я хочу еще раз подчеркнуть, что никакие структурные различия ничего не означают для решения вопроса о статусе языка.		
632491a3-a64e-4841-97c2-eb3b718fe78a	Литература		
eb8d6f2f-b50f-47a6-ad61-76a8b1ab3551	Словари		
6246d560-eaae-46eb-b057-2a1fa5a0c5fe	Агарунов Я.		
2b68229d-29fb-41b3-ac17-7c7636566ccf	М., Агарунов М.		
7a1a97e5-9b5d-4258-969f-8a915d1ecf4f	Я.		
b445e15f-95a8-4cb7-a1be-ceb538a226e4	Татско (еврейско) – русский словарь.		
4e7e12f7-a9db-42b7-9bd6-e0d5a66c5bf5	Lyqət əz çuhuri ə urusi.		
339dc5f3-9441-4971-b329-e11c86ab3312	М.:		
a0793af2-c5ac-456d-bbb3-1d3282d0ef86	Еврейский университет в Москве, 1997		
9c56c042-0ad3-4725-8fb9-431b991e8a97	Агарунов Я.		
3549b8dc-f7be-4343-b17d-9319c6485ddb	М., Агарунов М.		
0cc726eb-75ba-4884-b71d-0aa3dd7b6fcf	Я.		
0a520b38-08c7-4d7c-88c0-3347733109cb	Большой словарь языка горских евреев – джуури.		
4120df21-5f6d-40e5-b08b-2c9cc235710b	Пятигорск:		
1967ade4-2045-46a4-8dbc-37576887784b	ПЕРО «Геула», 2010		
c7c1ec72-dbc6-411c-a3cd-b9bc1f88fc4a	Амир (Иванченко) В. Гофноме жугьури – уруси.		
2287bdc9-da02-457c-a5ff-eeef7d5035c2	Горско-еврейско – русский словарь.		
e03c8b41-217a-45c3-916d-98926c40c672	Тель-Авив:		
5ea8e102-fcf8-4f4c-b04a-60382561b41f	Beit Nelly Media, 2020		
a8e4adf4-cee7-4e56-af6a-fb76a4bc5687	Гаврилов Б. Г., Изгияева А. Б. Орфографически гофноме зугьун тати.		
0b429e7a-0b39-43e7-be03-e9987c57f031	Махачкала:		
b09c5cf0-6049-49b2-87c8-9a3b38d826f5	Дагучпедгиз, 1995		
6e2411e6-b0a4-47f9-8276-c2c3e3e65064	Гаврилов М., Гаврилов С. Гофноме эз уруси э жугьури.		
4b246f89-e158-43ff-8f55-56e058f6ae7a	Русско – горско-еврейский (джуури) словарь.		
73e8afb9-1a9b-4cc2-9400-74b7e66606c9	Центр «Sholumi», Израиль, 2025		
eac63996-268b-42f5-a3b8-f525ca91f6a8	Дадашев М.		
3ba8cc88-1e6a-4e53-b089-d1eed8cd958f	Б. Гофноме эз уруси э жугьури.		
acc7d157-fb05-48ec-9662-aefa3c5af147	Русско-татский (горско-еврейский) словарь.		
adb258e7-43f1-445f-bfad-b2c05aef6de2	М.:		
d163873e-b401-417a-a207-b1dc6431efdb	Изд-во «Собрание», 2006		
a28c344f-af88-423d-b153-762bb17c83b7	Изгияева А. Б. Гофномей зугьун тати э шукуьлгьоревоз.		
f2d64e0e-4b45-4cdc-ae77-48aea8e771c1	Словарь татского языка с картинками.		
57937ae4-bfb4-41ef-889d-6572581de4be	Для учащихся начальных классов школ.		
07a2c734-f6ab-4522-ae68-1829dcea9813	Дербент, 1995.		
4196c8e2-6859-40f6-a0c2-e91a116f1f58	Изгияева Э.		
db8b34eb-ffdc-4f5b-8376-0b0af35a2628	Б. Татско-русский и русско-татский словарь.		
d773b30a-d4d2-4485-916b-304814f3e1c5	Татский язык горских евреев Кавказа.		
2bb632c8-a2fa-42f9-a109-afd8f1c306d8	Махачкала:		
d8b6d54d-7ca6-46af-b573-21b400298913	Изд-во «Юпитер», 2005		
d2bcf82f-55e5-44cc-bf6a-84cf68d76ff7	Ифраимов И.		
b80caa18-85d0-4eaf-b815-c42a32197b32	И.		
2ce09f7a-ed00-44ba-a24d-6e0555791d20	Гофгьой таты нэ урисинэ э суротовоз эри гIэилгьо.		
a741267e-a59f-44e8-8995-6da34aaa301c	Татско-русский иллюстрированный словарь для детей.		
3b337236-6e69-4c9c-bca5-2b1df36c296c	Нальчик:		
1b72e2f5-025f-473c-9694-e0843a9ecf1c	Нарт, 1991		
cbb6eb18-5ddb-4fb4-9e77-992d881a9de7	Нафталиев М.		
4625a6ad-2412-445d-881d-098f15828de9	Н.		
05e08c4c-7df9-4eb7-909e-c83a7d01e8ab	Lyqət çuhuri – urusi.		
9e069821-5c33-450e-a68b-acd5df326488	Еврейско (джуури) – русский словарь.		
23aa3920-645e-4015-9ee0-2afcf78858bd	М.:		
4e516259-0f80-488e-998d-4bffc639c904	Издательский дом СТМЭГИ, 2016, Иванченко 2020.		
d24252fc-45ab-44e6-8e09-8b8b0f9c6550	Нафталиев М.		
a2bd4820-4f3f-499f-aecb-7ba971a488eb	Н.		
4d346526-50f9-478c-9280-7b9a2f421f46	Лүгəт уруси – ҹуhури.		
03326621-4d91-4fde-a7ff-2a7c8411e42d	Русско-еврейский (джуури) словарь.		
79997d2e-ef66-4ff3-a7c5-54ca971eb103	М.:		
8d4f2526-0a44-4933-9f90-1cf4ad794cb0	Издательский дом СТМЭГИ, 2023		
9a08807c-3c19-49fc-9681-3cdf69fb0227	Семендуев А. Ш., Семендуева С. М.		
09cdfd87-b953-4347-93bc-e5ef9726a5da	Гофноме эз жугьури э уруси.		
993de1e0-af40-4aae-abcc-f49140e69079	Горско-еврейско – русский словарь.		
736a1367-5305-4585-825d-90b4debedb3f	Хадера, 2021		
6cbb6772-1c46-4e40-9841-3e63fd1d3ef4	Советские учебники		
aec3d9b6-efbf-49c9-8b8d-daf34e0511cc	Lazarev L. Ələfbi.		
fca59892-09d2-421c-8c84-1d0cd9996aa0	Baku, 1934		
2055cfb6-1060-4b83-b868-78d74f218f26	Xanuxov I. Ələfbi.		
2ea6abce-17a6-47ef-8a34-2b1d935e1b50	Boku, 1937		
028ab9d8-5a26-4026-abdc-55687d980803	נתנב ל.		
56849eb9-6d46-4ecb-ba34-4f3db9c0d537	נוג שכל.		
fc5502d7-6c39-424a-ace2-cc2edd830314	דו-ימין סל כונדי ארי עילהי.		
19b71ec8-c858-4cf3-b503-dd9bf4e163dc	מכג-כל, 1927		
fc4090e8-d560-4a2f-9742-8d044b2d4034	)Нисанов Л. Новая школа.		
9cfc829a-8ba6-4c51-9a4b-0de4c7c671c0	Второй год обучения.		
4d7f8c7e-8043-4d9f-9da5-aea9db7c0680	Для детей.		
ac402097-a0f3-407a-b25c-73f3a8315058	Махачкала, 1927(		
3bcc1f8d-5b2b-4488-8516-ce42b0d2f871	בן-הררי (רבבינאביג՛)  מ., חיימביג՛ מ.		
9fc4fd84-060c-4b54-b10a-f3978988166a	בולק-דקי.		
fd646658-c847-4c08-b3dc-16823fac925f	תורה ארי עאילהיי ז՛והורון-דקי א זוהון ז՛והורי (תתי).		
3a4b2034-605b-48ce-b915-c0e645184a64	ארי דויצון סל כונדאישו.		
c8daf698-cd72-4a48-ad84-4a79bc1ed6d2	בכו ,1927		
14b76dae-b26c-410f-89a1-8b17b706b084	)Бен-Герарий (Рабинович) М., Хаймович М.		
45ebd94d-10fd-4167-9690-75187977ca7c	Горный источник.		
e759ba13-ca74-49d8-97d5-3f806312833e	Книга для горско-еврейских детей на еврейском языке (татском).		
9169b47a-cb85-4726-bc96-b82b5ccd0fea	Для второго года обучения.		
47ca3903-34e7-4500-bc6f-3d7a4164bddd	Баку, 1927(		
643e7343-2dae-45fa-8bd5-a641276d86cb	כודאיינאתאב זרכאויי.		
14c2bf99-e716-4666-aacb-c00443e259cb	אבאלי אבאת.		
ebe9588b-f90d-4aeb-85cb-7f11f6f61875	תארפאמיי תאתי אבאלימון סאל כונדאי.מאסכאב, 1928		
ef0fb9f4-6cd8-4626-97a3-b2559458de0d	(Худайнатов З.		
4873b54f-644c-42eb-8da1-af31b7830105	Первая азбука.		
674ad0d3-761a-473c-b529-db400ee067a4	Татский.		
0ed08198-9261-4b23-9d4b-2f3d35fe3883	Первый год обучения.		
68cc080d-b8f3-464d-ac54-d1559cba3c6f	Москва, 1928)		
b625cab6-92d0-45ed-84d4-aa89a2892b85	Постсоветские учебники		
f5f40af1-9b1f-4b00-8c78-7cacbdaadef5	Богданов Г.		
2859fb8c-7155-45e0-bfd6-eb8bd0b50d86	Н.		
23a0ee2b-0164-476b-94f5-a5026a607ae6	Учебник языка горских евреев джуури.		
c64ac344-57a3-49bf-903e-8e46ded2cf9e	Центр «Sholumi», Израиль – Россия, 2019 (ч.		
ba8e76a5-e246-4b15-9e93-7ef26690442b	1), 2020 (ч.		
da7e1a43-27a7-4163-8130-bc53e553bdf4	2)		
55a7783c-263c-4df4-9216-e2db423e9f47	Гаврилов Б. Г., Авшалумов Х. Д.		
846cff8e-ca63-4271-b4e3-8cd8f1dee5d0	Азбука.		
2d721e18-c1b0-435c-9581-9247ee1066d3	Махачкала:		
9cf5a590-cbcc-44d8-a91c-bf7c66ab8df3	Учпедгиз, 1990		
e4feb0be-2433-494b-952a-50441600d501	Изгияева А. Б. Зугьун тати.		
43001e42-4019-499e-bc0e-67966a78a765	Эри 2-муьн класс.		
6b3008d0-dedd-4ecd-b9d4-b2b34d5e7892	Махачкала:		
89d3ffff-3d4e-4b78-b461-486c572c6be2	Издательство НИИ педагогики, 2001		
b54e9e3d-6004-44c9-9661-a659460d3317	Исаков Г.		
b2d01700-7c60-4dd9-98b6-8870fcd93ad6	Əлифбой ҹуhури.М.:		
037a5f98-5589-4c2c-beba-51d8d44bc08f	Благотворительный фонд СТМЭГИ, 2020		
0f28d3fa-94ad-47cc-b87a-f35541373b2e	Исаков Г.		
6d7ebe1d-437b-4905-bec6-c835846ed0ed	Зувун ҹуhури.		
d974bcb2-5f37-4875-8f77-e0e8d455dcae	Китоб нубойи.		
a109928f-371c-424e-85b6-f89d871fea3b	I hиссə.		
4d1cd930-7242-432f-8896-128804f45bb5	Язык джуури.		
54392fa4-874c-4a3c-bd55-f19a8313c85b	Учебник.		
ff9ecdcc-2dbc-4b94-95a0-efaa1f09e95e	Часть I. М.:		
733dbce0-cb59-44d0-8a2f-bbf796b97628	Издательский дом СТМЭГИ, 2023		
f4c5a72b-45a7-45b5-a851-84794a795046	Прочее		
33eb3cb7-e26b-423c-bd83-fba5db0831da	Агарунов 2018 – Агарунов М.		
8709ab26-b88d-47ab-b039-dc4e0ab2f092	Культура и письменность горских евреев в первые два послереволюционные десятилетия // Горские евреи 2018.		
822eb2e6-60c1-40ae-ae99-e6ce43f55bd4	Стр. 208 – 227		
25ff2d8d-6c6c-4a17-a7e0-aa8cce12d6cd	Анисимов И.		
acddada2-71c5-4373-ae2b-763060203ec4	Кавазские евреи-горцы // Иуда Черный, Василий Немирович-Данченко, Илья Анисимов.		
9e1d49c6-e1f0-4319-ab7e-f345128268d2	Кавказские евреи-горцы.		
71aafe74-1a69-44f6-89c1-fb3930d70255	Сборник.		
66784d50-72e0-4a81-9df6-325106c956c9	М., 2017.		
3ec1bb2f-a3f4-40dc-a047-b19fda5a4141	Стр. 161 – 316		
099cdee7-65b3-4480-887f-520c5a27414f	Беляев О.		
1d9007bf-c914-4425-a68b-f040375f4a91	И.		
66ca214f-eedd-4671-98a1-1678a68089ec	К развитию цели из образа действия: показатель vari в джалганском татском // Родной язык.		
223ad3b9-717e-4358-b08a-1cafe2f864a0	Лингвистический журнал.		
38bd5619-3b3e-4962-afb1-8b0bdee4aed6	2025.		
c54c3aa4-443d-442c-91ff-ebd94d8d24e5	Вып.		
b718a937-69f6-49c3-bf62-7aca946db781	2.		
eefef9eb-41f8-4468-b36e-1520a5a4a62a	Стр. 8 – 56.		
626d4bda-7b96-49c7-be9d-5ac6014f82ef	Грюнберг А. Л. Язык североазербайджанских татов.		
44f267bf-922f-4a6f-8986-fcc88ad905d1	Л.:		
17d0603e-f875-44f7-8b91-3ee3f9251aa5	Изд-во АН СССР, 1963		
92b84d4b-2bd1-4969-9772-0460fa28d902	Грюнберг А. Л., Давыдова Л. Х. Татский язык // Основы иранского языкознания.		
8fc81d80-9f79-4b9a-bfcc-b82488c18476	Новоиранские языки.		
9047e8f0-922d-4f91-9b7e-fa28e2c5615f	Западная группа, прикаспийские языки.		
33f32a2b-f6d0-4d42-9037-46d9e79406d8	М.:		
7b66681e-15a5-4365-8b29-d73587a026ae	Наука, 1982.		
d5b4426d-d241-4425-a123-8fa62f1b3f9a	Стр. 232 – 286		
7f42f4a0-3eb5-4bea-bffc-98796510e6fd	Грюнберг А. Л. Татский язык // Языки мира.		
30b516ed-3e1a-4d98-9323-2582e89abd5f	Иранские языки.		
a525ff98-4307-46e0-bfac-78629ae2dcba	I. Юго-западные иранские языки.		
1df103e0-ef37-4a51-934a-63bd9285d08a	М., 1997.		
8a1680b4-1cc5-4c1b-9c70-40d9168c102e	Стр. 141—154		
cd232ab1-94e8-4068-8b55-eea78bb375c0	Ефимов В.А., Керимова А.А., Молчанова Е.К., Пирейко Л.А., Расторгуева В.С., Эдельман Д.И.		
238a1266-07ab-436c-9b12-abb0d379cead	Опыт историко-типологического исследования иранских языков.		
cde34131-d643-4f9d-ac55-6b7d4c7c9041	Том 2:		
32772a9e-64a6-4f65-b2ed-dc0b7a2c3951	Эволюция грамматических категорий.		
350f6e72-c6f9-4a6a-8367-9e558daa1287	М.:		
7d830d21-858e-439d-9c87-f1d242b99bb3	«Наука», 1975		
b75d2d03-3583-46fb-a203-edc251767d17	Миллер Б. В. Таты, их расселение и говоры.		
75116672-3986-45a4-923a-094a7c41a745	Материалы и вопросы.		
9679fc78-61f2-445f-98a2-86b7ce09ca24	Баку, 1929		
caeba15b-0927-41f7-8956-35f56260f5a7	Миллер Б. В. О кубинском говоре татского наречия горских евреев Кавказа.		
eea99c3a-4da2-4641-a0ab-e09c0c8d4f67	Л., 1929		
2446604e-794e-47b5-8d49-b5dba42d6350	Миллер В. Ф.		
8cb48061-4c8c-4152-a00e-3c6c83065aad	Материалы для изучения еврейско-татского языка.		
fccf8b76-cfaa-45ed-adac-7d69743664c5	Введение, тексты и словарь.		
7f12d9e7-4b98-43b0-bb3b-79c919acbd5d	СПб, 1892		
36c04ac0-38c1-4103-bd09-b18f3d429d7a	Миллер В. Ф.		
4a8164e5-a2fb-4cff-a6e6-770b2431d4b1	Очерки фонетики еврейского-татского наречия.		
7f8966b9-a55e-49ad-b0fe-93b2b9a014d4	М., 1900		
40a271c1-c9b7-45e4-b03d-6f4cce0123c0	Миллер В. Ф.		
54ea6afd-8f7b-41ec-b2a5-2ba7430c241a	Очерь морфологии еврейско-татского наречия.		
5ab6d598-97cf-4878-b85d-1fd17720714d	М., 1901		
619b8fe8-dd91-417f-a0c8-b0432b7e242e	Миллер в.		
e134dd54-d24a-4461-b566-a67c61d01bd7	Ф.		
38b980ad-83f7-45f5-8024-3890da8e351c	Татские этюды.		
a3e35bab-94a9-473f-90e3-5f55b169ed14	Часть II.		
4e4fbc2b-a39d-4e1c-8523-f1c8bedeed62	Опыт грамматики татского языка.		
73f88f07-a998-4c88-8193-d3a39c7b541e	М., 1907		
1d363937-5c4c-44e2-a1a2-be56854c2c48	Назарова Е.		
15b989ed-c4db-44b2-ad79-9a09348d5fd8	М.		
34252ff7-f1c0-4d67-9243-21968030ddbd	О морфологических средствах выражения атрибутивности в татском языке // Морфемный строй дагестанских языков.		
d3960a68-97cf-4f7c-98a1-fbc9c3d90fdc	Махачкала, 1988.		
9a7dad9b-0dd8-433e-93eb-08e504b5c515	Стр. 127 – 147		
32dd29b5-3996-44a5-844d-aab9e376d7ab	Назарова Е.		
95a9068c-ea80-4793-9094-46ed0eb7b5c0	М.		
c385fc0f-7a8c-4d48-bcad-721386ef4c56	О различиях в системах атрибутивных словосочетаний в диалектах татского языка // Диалектологическое изучение дагестанских языков.		
492b81d2-732a-4029-9832-8a9b9821c18c	Махачкала, 1992.		
44e677fa-115f-4aef-9152-2ecab28eee15	Стр. 163 – 171		
b752e7e2-cc61-4905-b4a0-2d4bd1388dfc	Назарова Е.		
a73d52b9-4ef2-48a2-8fb5-f93ea4a13bd1	М.		
3bcd11e2-3676-402a-afef-dbbdd372fae8	О грамматической категории «атрибутивность» в еврейско-татском языке // Judaica Rossica.		
292677ba-c3d3-4508-9e56-07dda81045b3	Вып.		
25779fb6-8d3f-4ed6-bd47-1937d07c9877	2.		
2df823a3-d9c6-4c66-92ce-dc9cc9bc3f39	М.:		
b79e50bb-4b04-43bd-bf64-5a58c545bdb4	Изд-во РГГУ, 2002.		
05fa0929-1bce-45a1-968c-fad309332138	Стр. 182 – 199		
795524dd-da17-4a9f-a296-45f7a0e266b5	Назарова Е.		
6b47d585-26f6-4d9b-b094-cd42d6362615	М.		
281fdc14-9170-47fc-8930-0ceafde90def	Язык джуури и этнокультурная идентичность горских евреев в СССР и в современной России: изменения и новации // Ежегодник Евро-Азиатского еврейского конгресса.		
176f104d-e4e8-4b16-9605-e351f11421a7	2021		
e43a29a7-d798-4757-a36c-38e258bff6b4	Назарова Е.М.		
0b0cac19-f4ef-41d4-b14b-c9fc2da6e7c7	Терминологическая ситуация с названием языка горских евреев // Judaic-Slavic Journal.		
f4f8870b-c374-427c-b63b-26eda4a7cc60	№ 2 (4), 2020.		
97db0a12-bb7e-4b6f-b76e-cbcd1299bcb1	Стр. 60-85		
2f2b3b21-f010-40c4-b272-fa0cefa9bbf4	Назарова Е.		
92bc9a5c-b08e-476f-a430-d43ece664601	М., Якубова С. А. Концепция сохранения языка джуури в России как рабочая модель возрождения языка и этнокультурной идентичности народа // Сборник материалов всероссийской стратегической сессии по укреплению гражданской идентичности.		
43012940-7596-4da0-bc64-59ce474a62b8	М., 2023.		
3f199b35-2b93-4d90-93af-9243e658b850	Стр. 159 – 177		
885cb6be-1407-4774-89da-090f684cb375	Немирович-Данченко В. Воинствующий Израиль // Иуда Черный, Василий Немирович-Данченко, Илья Анисимов.		
07382c6e-f562-409b-8a82-aba18e940081	Кавказские евреи-горцы.		
82374774-22a5-47cd-ac02-592ab6ea8b74	Сборник.		
b057891a-6564-429f-bb5b-d1b64c795d44	М., 2017.		
686abbc7-42e1-436c-8439-029f82c75990	Стр. 63 – 158		
26bdfbbb-b466-43d3-a240-b646993b8d7b	Соколова В. С. Новые сведения по фонетике иранских языков // Иранские языки.		
cda538f8-8a69-443e-9021-adf7aad71b11	Вып.		
8bd47c28-3e0f-4cb0-983e-0136ee5fbb5d	II.		
fa048231-d4c0-4933-a7ed-bf019fe66fa4	Материалы и исследования по иранским языкам.		
30d4ad3c-d167-4267-bd99-8a7b7ceb2923	Под ред.		
bbe8672e-b43b-4769-8031-91f2bc3a774d	В. И.		
c98211f4-6383-46e4-9a69-1e362b41ea6d	Абаева.		
980f8cfa-d146-4635-b5cf-c2b55ffe5beb	№6.		
d26ef342-08c2-43a4-b4c9-646b3369397b	М.		
1ed7148b-524e-4b0b-b958-32099318872d	– Л., 1950.		
7f1ed4dc-e00d-4dfb-9aba-d8b4158466b6	Стр. 5 – 28		
2a1eaf3b-251a-47da-8852-7d51a40f7e40	Соколова В. С. Татский язык // Очерки по фонетике иранских языков.		
02a7d5ce-8fee-4792-9634-2d06b8a82b74	Вып.		
d81f8d7c-6041-4cdc-91b1-ba42fb3efdbe	1.		
6f5c6d68-3abc-4e8b-9389-36db0640d97d	Л., 1953.		
ab2e521c-cb27-411b-b665-b137482f966a	Стр. 122 – 147		
72624dc0-af0e-4de5-8fa0-22c12f58c001	Черный И.		
c6fb451d-a499-49bb-99c9-8ccd578642d3	Горские евреи Терской области.		
816c4f01-ba6c-49e9-b776-03efd4e07178	Краткие исторические сведения // Иуда Черный, Василий Немирович-Данченко, Илья Анисимов.		
170573f4-0d60-4246-b8df-245b5c84d56f	Кавказские евреи-горцы.		
10dd122e-ea95-4d9f-bcb7-b6535a61c0cd	Сборник.		
42cd2ddb-ca93-4006-9982-7a9092a5f7c4	М., 2017.		
6a429fe4-a51a-4d85-890c-e73dd6ee81dc	Стр. 7 – 60		
5f47dfe5-a741-411f-85e9-09fc29d30249	Членов М.		
dfc9bdf2-23da-4016-bdea-2850afcb9aa1	А. Между Сциллой деиудаизации и Харибдой сионизма: горские евреи в XX веке // Диаспоры.		
0e8c1ccb-ecd6-44ce-a90a-ea76947691e0	Вып.		
62a835d4-0cb9-4b07-b2b0-3bc75e69b283	3.		
7f9301bd-9582-4223-b474-1334bf5004f2	2000.		
1ad2714f-2e94-4be1-b1c9-7719c718f11b	Стр. 174 – 197		
21678e46-6410-4afd-83d5-3dff6cab1df6	Шор Р.		
d4153421-94a5-4988-85c9-9961e27ba140	О.		
6cd54419-b9f2-4c83-be82-9ba195bab483	О спорных вопросах в исследовании консонантизма говора татов-евреев // Языки Северного Кавказа и Дагестана.		
53fb9087-5319-4fe2-98ec-607fa986aac4	Вып.		
ef9b262c-66a0-4162-86d2-32aa7533cfdc	II.		
0a2df49f-4f84-4798-8d42-63249f961fe0	М.		
3fd4c015-622e-403d-baa2-71442928e806	– Л., 1949.		
8418f752-f457-4d30-aa86-d9254a0ee8a7	Стр. 127 – 139		
0ae1bb6d-8f33-47b6-b029-4d23195ee2ba	Юсуфова Ф.		
f6313ada-d130-4c6d-9cc1-6901cf376d79	Золотые россыпи.		
3c7ee298-525e-480f-bdd4-c10d2d8093b0	Горский – иврит.		
d8555505-686f-40bd-8f96-f53f48fe34d0	Зарhой сүрхи.		
318b10a9-6212-435b-9919-5965776f8423	Ҹуhури – иврит.		
3bbf99d2-3f5e-41fb-8c8c-7fda8e029763	Толковый словарь.		
900c178e-71e3-4f3a-9dee-acb3e506cebc	Хайфа, Кирьят-Бялик, 2009		
30b000ae-7179-47b8-a7ed-d7f0b33ef645	Anisimov N. Grammatik zuhun tati.		
33b8a302-2501-4be6-941b-a545b1669c71	Maskov, 1932		
32e5deb7-8ad0-459e-8f09-44b3907e630e	Borjan H.		
28510d0d-98d0-4ce5-a9c5-dc7bde79d244	Judeo-Iranian Languages // Handbook of Jewish Languages/ Ed. by L. Kahn, A. D.		
e0381d8a-8b9c-4cff-85b1-ebb600625050	Hacıyev M.		
e4e7c7a1-73bd-49d6-86c7-afa8de693492	Azərbaycan tatlarının dili.		
576714bd-fde8-4e07-8d59-ff187b3b0c8b	Mammadova N. Eléments de description et documentation du tat de l’Apshéron, langue iranienne d’Azerbaïdjan.		
012c33ff-c6e4-4341-bd8f-9035fb67d7d9	Linguistique.		
8eb3733d-015c-4da3-a148-fa17b1bd9050	Université Sorbonne Paris Cité, 2017		
dd0005b0-76d3-4c8a-9ac8-1dbac31594a9	Suleymanov M.		
b70a4574-abda-4505-a66a-ee4580b01c85	A Grammar of Şirvan Tat.		
6c494e30-634d-4ebb-9fb9-c7f261caccf9	Wiesbaden 2020		
797ff33a-795e-4386-86d6-b48a073eb903	Shalem V. n.d.		
2d5b4c4d-dddb-4d0e-895b-5fad02152e94	Judeo-Tat/Juhuri.		
07e849c6-6896-4124-97f3-1a16e7e51042	Jewish Language Website, Sarah Bunin Benor (ed.).		
44a9c6cd-8565-4e0c-895b-c138cf95ca10	Los Angeles:		
4f54460d-6348-4347-ab54-5be01ca54aca	Jewish Language Project.		
6eeccc55-fb8f-4522-83bb-e2776090dd26	https://www.jewishlanguages.org/judeo-tat-juhuri		
95618c57-0ab7-4d64-a81a-ce6f22790e00	https://www.jewishlanguages.org/judeo-tat-juhuri		
b71d5fcd-b50d-41d3-bcdd-1c8f6783dd31	זנד מ.		
c746a029-a3bd-4215-8df6-f58f0205cde8	הרב יעקב יצחקי אוצר המילים של השפה התאתית-יהודית.		
059695a2-0903-4f3d-81f4-e650a0b7c498	ירשלים, 2016		
864c63ce-953c-4fa5-a251-b21bdde66eb3	(Занд М.		
45e299ec-48a3-4b20-b2e4-4532757770f1	Рабби Иаков Ицхаки.		
fcb3b6d8-72a7-4f74-9d96-0e7394ed92db	Словарь татско-еврейского языка.		
a2d0cab9-f166-4aa6-a76d-a62a7c21142d	Иерусалим, 2016)		
